grid_value,grid_value_2,p_high,n,n_sources
5.0,0.4,0.5504329102084212,152,42
5.0,0.5,0.5504329102084212,152,42
5.0,1.0,0.5504329102084212,152,42
5.0,1.2,0.5504329102084212,152,42
5.0,1.25,0.5504329102084212,152,42
5.0,1.4,0.5504329102084212,152,42
5.0,1.45,0.5453227027115936,152,42
5.0,1.5,0.5453227027115936,152,42
5.0,1.6,0.5453227027115936,152,42
5.0,1.65,0.5453227027115936,152,42
5.0,1.7,0.5453227027115936,152,42
5.0,1.75,0.5453227027115936,152,42
5.0,1.8,0.5437257141472636,152,42
5.0,1.85,0.5465888790459278,152,42
5.0,1.9,0.5465888790459278,152,42
5.0,1.925,0.5465888790459278,152,42
5.0,1.94,0.5541327840663549,152,42
5.0,1.95,0.5541327840663549,152,42
5.0,1.9625,0.5541327840663549,152,42
5.0,1.982,0.5541327840663549,152,42
5.0,2.0,0.5541327840663549,152,42
5.5,0.4,0.5504329102084212,152,42
5.5,0.5,0.5504329102084212,152,42
5.5,1.0,0.5504329102084212,152,42
5.5,1.2,0.5504329102084212,152,42
5.5,1.25,0.5504329102084212,152,42
5.5,1.4,0.5504329102084212,152,42
5.5,1.45,0.5453227027115936,152,42
5.5,1.5,0.5453227027115936,152,42
5.5,1.6,0.5453227027115936,152,42
5.5,1.65,0.5453227027115936,152,42
5.5,1.7,0.5453227027115936,152,42
5.5,1.75,0.5453227027115936,152,42
5.5,1.8,0.5437257141472636,152,42
5.5,1.85,0.5465888790459278,152,42
5.5,1.9,0.5465888790459278,152,42
5.5,1.925,0.5465888790459278,152,42
5.5,1.94,0.5541327840663549,152,42
5.5,1.95,0.5541327840663549,152,42
5.5,1.9625,0.5541327840663549,152,42
5.5,1.982,0.5541327840663549,152,42
5.5,2.0,0.5541327840663549,152,42
5.8,0.4,0.5504329102084212,152,42
5.8,0.5,0.5504329102084212,152,42
5.8,1.0,0.5504329102084212,152,42
5.8,1.2,0.5504329102084212,152,42
5.8,1.25,0.5504329102084212,152,42
5.8,1.4,0.5504329102084212,152,42
5.8,1.45,0.5453227027115936,152,42
5.8,1.5,0.5453227027115936,152,42
5.8,1.6,0.5453227027115936,152,42
5.8,1.65,0.5453227027115936,152,42
5.8,1.7,0.5453227027115936,152,42
5.8,1.75,0.5453227027115936,152,42
5.8,1.8,0.5437257141472636,152,42
5.8,1.85,0.5465888790459278,152,42
5.8,1.9,0.5465888790459278,152,42
5.8,1.925,0.5465888790459278,152,42
5.8,1.94,0.5541327840663549,152,42
5.8,1.95,0.5541327840663549,152,42
5.8,1.9625,0.5541327840663549,152,42
5.8,1.982,0.5541327840663549,152,42
5.8,2.0,0.5541327840663549,152,42
5.9,0.4,0.5504329102084212,152,42
5.9,0.5,0.5504329102084212,152,42
5.9,1.0,0.5504329102084212,152,42
5.9,1.2,0.5504329102084212,152,42
5.9,1.25,0.5504329102084212,152,42
5.9,1.4,0.5504329102084212,152,42
5.9,1.45,0.5453227027115936,152,42
5.9,1.5,0.5453227027115936,152,42
5.9,1.6,0.5453227027115936,152,42
5.9,1.65,0.5453227027115936,152,42
5.9,1.7,0.5453227027115936,152,42
5.9,1.75,0.5453227027115936,152,42
5.9,1.8,0.5437257141472636,152,42
5.9,1.85,0.5465888790459278,152,42
5.9,1.9,0.5465888790459278,152,42
5.9,1.925,0.5465888790459278,152,42
5.9,1.94,0.5541327840663549,152,42
5.9,1.95,0.5541327840663549,152,42
5.9,1.9625,0.5541327840663549,152,42
5.9,1.982,0.5541327840663549,152,42
5.9,2.0,0.5541327840663549,152,42
5.92,0.4,0.5504329102084212,152,42
5.92,0.5,0.5504329102084212,152,42
5.92,1.0,0.5504329102084212,152,42
5.92,1.2,0.5504329102084212,152,42
5.92,1.25,0.5504329102084212,152,42
5.92,1.4,0.5504329102084212,152,42
5.92,1.45,0.5453227027115936,152,42
5.92,1.5,0.5453227027115936,152,42
5.92,1.6,0.5453227027115936,152,42
5.92,1.65,0.5453227027115936,152,42
5.92,1.7,0.5453227027115936,152,42
5.92,1.75,0.5453227027115936,152,42
5.92,1.8,0.5437257141472636,152,42
5.92,1.85,0.5465888790459278,152,42
5.92,1.9,0.5465888790459278,152,42
5.92,1.925,0.5465888790459278,152,42
5.92,1.94,0.5541327840663549,152,42
5.92,1.95,0.5541327840663549,152,42
5.92,1.9625,0.5541327840663549,152,42
5.92,1.982,0.5541327840663549,152,42
5.92,2.0,0.5541327840663549,152,42
5.95,0.4,0.5504329102084212,152,42
5.95,0.5,0.5504329102084212,152,42
5.95,1.0,0.5504329102084212,152,42
5.95,1.2,0.5504329102084212,152,42
5.95,1.25,0.5504329102084212,152,42
5.95,1.4,0.5504329102084212,152,42
5.95,1.45,0.5453227027115936,152,42
5.95,1.5,0.5453227027115936,152,42
5.95,1.6,0.5453227027115936,152,42
5.95,1.65,0.5453227027115936,152,42
5.95,1.7,0.5453227027115936,152,42
5.95,1.75,0.5453227027115936,152,42
5.95,1.8,0.5437257141472636,152,42
5.95,1.85,0.5465888790459278,152,42
5.95,1.9,0.5465888790459278,152,42
5.95,1.925,0.5465888790459278,152,42
5.95,1.94,0.5541327840663549,152,42
5.95,1.95,0.5541327840663549,152,42
5.95,1.9625,0.5541327840663549,152,42
5.95,1.982,0.5541327840663549,152,42
5.95,2.0,0.5541327840663549,152,42
6.0,0.4,0.43843141208039893,152,42
6.0,0.5,0.43843141208039893,152,42
6.0,1.0,0.43843141208039893,152,42
6.0,1.2,0.43843141208039893,152,42
6.0,1.25,0.43843141208039893,152,42
6.0,1.4,0.43843141208039893,152,42
6.0,1.45,0.4327144383242267,152,42
6.0,1.5,0.4327144383242267,152,42
6.0,1.6,0.4327144383242267,152,42
6.0,1.65,0.4327144383242267,152,42
6.0,1.7,0.4327144383242267,152,42
6.0,1.75,0.4327144383242267,152,42
6.0,1.8,0.4307467905488977,152,42
6.0,1.85,0.43418965088345046,152,42
6.0,1.9,0.43418965088345046,152,42
6.0,1.925,0.43418965088345046,152,42
6.0,1.94,0.4423324348380233,152,42
6.0,1.95,0.4423324348380233,152,42
6.0,1.9625,0.4423324348380233,152,42
6.0,1.982,0.4423324348380233,152,42
6.0,2.0,0.4423324348380233,152,42
6.1,0.4,0.4889104219455142,152,42
6.1,0.5,0.4889104219455142,152,42
6.1,1.0,0.4889104219455142,152,42
6.1,1.2,0.4889104219455142,152,42
6.1,1.25,0.47523937740138544,152,42
6.1,1.4,0.47523937740138544,152,42
6.1,1.45,0.46965347937899016,152,42
6.1,1.5,0.46965347937899016,152,42
6.1,1.6,0.46965347937899016,152,42
6.1,1.65,0.46965347937899016,152,42
6.1,1.7,0.46965347937899016,152,42
6.1,1.75,0.46965347937899016,152,42
6.1,1.8,0.4678314720294106,152,42
6.1,1.85,0.4711078262029888,152,42
6.1,1.9,0.4711078262029888,152,42
6.1,1.925,0.4711078262029888,152,42
6.1,1.94,0.4791574600219571,152,42
6.1,1.95,0.4791574600219571,152,42
6.1,1.9625,0.4791574600219571,152,42
6.1,1.982,0.4791574600219571,152,42
6.1,2.0,0.4791574600219571,152,42
6.15,0.4,0.4889104219455142,152,42
6.15,0.5,0.4889104219455142,152,42
6.15,1.0,0.4889104219455142,152,42
6.15,1.2,0.4889104219455142,152,42
6.15,1.25,0.47523937740138544,152,42
6.15,1.4,0.47523937740138544,152,42
6.15,1.45,0.46965347937899016,152,42
6.15,1.5,0.46965347937899016,152,42
6.15,1.6,0.46965347937899016,152,42
6.15,1.65,0.46965347937899016,152,42
6.15,1.7,0.46965347937899016,152,42
6.15,1.75,0.46965347937899016,152,42
6.15,1.8,0.4678314720294106,152,42
6.15,1.85,0.4711078262029888,152,42
6.15,1.9,0.4711078262029888,152,42
6.15,1.925,0.4711078262029888,152,42
6.15,1.94,0.4791574600219571,152,42
6.15,1.95,0.4791574600219571,152,42
6.15,1.9625,0.4791574600219571,152,42
6.15,1.982,0.4791574600219571,152,42
6.15,2.0,0.4791574600219571,152,42
6.2,0.4,0.632700132703581,152,42
6.2,0.5,0.632700132703581,152,42
6.2,1.0,0.632700132703581,152,42
6.2,1.2,0.632700132703581,152,42
6.2,1.25,0.5672039907097143,152,42
6.2,1.4,0.5672039907097143,152,42
6.2,1.45,0.562317090680136,152,42
6.2,1.5,0.562317090680136,152,42
6.2,1.6,0.56732417097859,152,42
6.2,1.65,0.56732417097859,152,42
6.2,1.7,0.56732417097859,152,42
6.2,1.75,0.56732417097859,152,42
6.2,1.8,0.5659952568036946,152,42
6.2,1.85,0.5687139001000351,152,42
6.2,1.9,0.5687139001000351,152,42
6.2,1.925,0.5687139001000351,152,42
6.2,1.94,0.5757608126987567,152,42
6.2,1.95,0.5757608126987567,152,42
6.2,1.9625,0.5757608126987567,152,42
6.2,1.982,0.5757608126987567,152,42
6.2,2.0,0.5757608126987567,152,42
6.25,0.4,0.632700132703581,152,42
6.25,0.5,0.632700132703581,152,42
6.25,1.0,0.632700132703581,152,42
6.25,1.2,0.632700132703581,152,42
6.25,1.25,0.5672039907097143,152,42
6.25,1.4,0.5672039907097143,152,42
6.25,1.45,0.562317090680136,152,42
6.25,1.5,0.562317090680136,152,42
6.25,1.6,0.56732417097859,152,42
6.25,1.65,0.56732417097859,152,42
6.25,1.7,0.56732417097859,152,42
6.25,1.75,0.56732417097859,152,42
6.25,1.8,0.5659952568036946,152,42
6.25,1.85,0.5687139001000351,152,42
6.25,1.9,0.5687139001000351,152,42
6.25,1.925,0.5687139001000351,152,42
6.25,1.94,0.5757608126987567,152,42
6.25,1.95,0.5757608126987567,152,42
6.25,1.9625,0.5757608126987567,152,42
6.25,1.982,0.5757608126987567,152,42
6.25,2.0,0.5757608126987567,152,42
6.3,0.4,0.632700132703581,152,42
6.3,0.5,0.632700132703581,152,42
6.3,1.0,0.632700132703581,152,42
6.3,1.2,0.632700132703581,152,42
6.3,1.25,0.5672039907097143,152,42
6.3,1.4,0.5672039907097143,152,42
6.3,1.45,0.562317090680136,152,42
6.3,1.5,0.562317090680136,152,42
6.3,1.6,0.56732417097859,152,42
6.3,1.65,0.56732417097859,152,42
6.3,1.7,0.56732417097859,152,42
6.3,1.75,0.56732417097859,152,42
6.3,1.8,0.5659952568036946,152,42
6.3,1.85,0.5687139001000351,152,42
6.3,1.9,0.5687139001000351,152,42
6.3,1.925,0.5687139001000351,152,42
6.3,1.94,0.5757608126987567,152,42
6.3,1.95,0.5757608126987567,152,42
6.3,1.9625,0.5757608126987567,152,42
6.3,1.982,0.5757608126987567,152,42
6.3,2.0,0.5757608126987567,152,42
6.35,0.4,0.637133028859747,152,42
6.35,0.5,0.637133028859747,152,42
6.35,1.0,0.637133028859747,152,42
6.35,1.2,0.637133028859747,152,42
6.35,1.25,0.5738363120458411,152,42
6.35,1.4,0.5738363120458411,152,42
6.35,1.45,0.5690741001220206,152,42
6.35,1.5,0.5690741001220206,152,42
6.35,1.6,0.5739182876453656,152,42
6.35,1.65,0.5739182876453656,152,42
6.35,1.7,0.5739182876453656,152,42
6.35,1.75,0.5739182876453656,152,42
6.35,1.8,0.5727416408850843,152,42
6.35,1.85,0.575402616492793,152,42
6.35,1.9,0.575402616492793,152,42
6.35,1.925,0.575402616492793,152,42
6.35,1.94,0.5820492239285114,152,42
6.35,1.95,0.5820492239285114,152,42
6.35,1.9625,0.5820492239285114,152,42
6.35,1.982,0.5820492239285114,152,42
6.35,2.0,0.5820492239285114,152,42
6.4,0.4,0.637133028859747,152,42
6.4,0.5,0.637133028859747,152,42
6.4,1.0,0.637133028859747,152,42
6.4,1.2,0.637133028859747,152,42
6.4,1.25,0.5738363120458411,152,42
6.4,1.4,0.5738363120458411,152,42
6.4,1.45,0.5690741001220206,152,42
6.4,1.5,0.5690741001220206,152,42
6.4,1.6,0.5739182876453656,152,42
6.4,1.65,0.5739182876453656,152,42
6.4,1.7,0.5739182876453656,152,42
6.4,1.75,0.5739182876453656,152,42
6.4,1.8,0.5727416408850843,152,42
6.4,1.85,0.575402616492793,152,42
6.4,1.9,0.575402616492793,152,42
6.4,1.925,0.575402616492793,152,42
6.4,1.94,0.5820492239285114,152,42
6.4,1.95,0.5820492239285114,152,42
6.4,1.9625,0.5820492239285114,152,42
6.4,1.982,0.5820492239285114,152,42
6.4,2.0,0.5820492239285114,152,42
6.42,0.4,0.6126668376556195,152,42
6.42,0.5,0.6126668376556195,152,42
6.42,1.0,0.6126668376556195,152,42
6.42,1.2,0.6126668376556195,152,42
6.42,1.25,0.548099219081221,152,42
6.42,1.4,0.548099219081221,152,42
6.42,1.45,0.5431298797423887,152,42
6.42,1.5,0.5431298797423887,152,42
6.42,1.6,0.5480583328110571,152,42
6.42,1.65,0.5480583328110571,152,42
6.42,1.7,0.5480583328110571,152,42
6.42,1.75,0.5480583328110571,152,42
6.42,1.8,0.5468111928772519,152,42
6.42,1.85,0.54963169653495,152,42
6.42,1.9,0.54963169653495,152,42
6.42,1.925,0.54963169653495,152,42
6.42,1.94,0.5564686186796667,152,42
6.42,1.95,0.5564686186796667,152,42
6.42,1.9625,0.5564686186796667,152,42
6.42,1.982,0.5564686186796667,152,42
6.42,2.0,0.5564686186796667,152,42
6.45,0.4,0.6126668376556195,152,42
6.45,0.5,0.6126668376556195,152,42
6.45,1.0,0.6126668376556195,152,42
6.45,1.2,0.6126668376556195,152,42
6.45,1.25,0.548099219081221,152,42
6.45,1.4,0.548099219081221,152,42
6.45,1.45,0.5431298797423887,152,42
6.45,1.5,0.5431298797423887,152,42
6.45,1.6,0.5480583328110571,152,42
6.45,1.65,0.5480583328110571,152,42
6.45,1.7,0.5480583328110571,152,42
6.45,1.75,0.5480583328110571,152,42
6.45,1.8,0.5468111928772519,152,42
6.45,1.85,0.54963169653495,152,42
6.45,1.9,0.54963169653495,152,42
6.45,1.925,0.54963169653495,152,42
6.45,1.94,0.5564686186796667,152,42
6.45,1.95,0.5564686186796667,152,42
6.45,1.9625,0.5564686186796667,152,42
6.45,1.982,0.5564686186796667,152,42
6.45,2.0,0.5564686186796667,152,42
6.46,0.4,0.6126668376556195,152,42
6.46,0.5,0.6126668376556195,152,42
6.46,1.0,0.6126668376556195,152,42
6.46,1.2,0.6126668376556195,152,42
6.46,1.25,0.548099219081221,152,42
6.46,1.4,0.548099219081221,152,42
6.46,1.45,0.5431298797423887,152,42
6.46,1.5,0.5431298797423887,152,42
6.46,1.6,0.5480583328110571,152,42
6.46,1.65,0.5480583328110571,152,42
6.46,1.7,0.5480583328110571,152,42
6.46,1.75,0.5480583328110571,152,42
6.46,1.8,0.5468111928772519,152,42
6.46,1.85,0.54963169653495,152,42
6.46,1.9,0.54963169653495,152,42
6.46,1.925,0.54963169653495,152,42
6.46,1.94,0.5564686186796667,152,42
6.46,1.95,0.5564686186796667,152,42
6.46,1.9625,0.5564686186796667,152,42
6.46,1.982,0.5564686186796667,152,42
6.46,2.0,0.5564686186796667,152,42
6.5,0.4,0.6126668376556195,152,42
6.5,0.5,0.6126668376556195,152,42
6.5,1.0,0.6126668376556195,152,42
6.5,1.2,0.6126668376556195,152,42
6.5,1.25,0.548099219081221,152,42
6.5,1.4,0.548099219081221,152,42
6.5,1.45,0.5431298797423887,152,42
6.5,1.5,0.5431298797423887,152,42
6.5,1.6,0.5480583328110571,152,42
6.5,1.65,0.5480583328110571,152,42
6.5,1.7,0.5480583328110571,152,42
6.5,1.75,0.5480583328110571,152,42
6.5,1.8,0.5468111928772519,152,42
6.5,1.85,0.54963169653495,152,42
6.5,1.9,0.54963169653495,152,42
6.5,1.925,0.54963169653495,152,42
6.5,1.94,0.5564686186796667,152,42
6.5,1.95,0.5564686186796667,152,42
6.5,1.9625,0.5564686186796667,152,42
6.5,1.982,0.5564686186796667,152,42
6.5,2.0,0.5564686186796667,152,42
6.52,0.4,0.6126668376556195,152,42
6.52,0.5,0.6126668376556195,152,42
6.52,1.0,0.6126668376556195,152,42
6.52,1.2,0.6126668376556195,152,42
6.52,1.25,0.548099219081221,152,42
6.52,1.4,0.548099219081221,152,42
6.52,1.45,0.5431298797423887,152,42
6.52,1.5,0.5431298797423887,152,42
6.52,1.6,0.5480583328110571,152,42
6.52,1.65,0.5480583328110571,152,42
6.52,1.7,0.5480583328110571,152,42
6.52,1.75,0.5480583328110571,152,42
6.52,1.8,0.5468111928772519,152,42
6.52,1.85,0.54963169653495,152,42
6.52,1.9,0.54963169653495,152,42
6.52,1.925,0.54963169653495,152,42
6.52,1.94,0.5564686186796667,152,42
6.52,1.95,0.5564686186796667,152,42
6.52,1.9625,0.5564686186796667,152,42
6.52,1.982,0.5564686186796667,152,42
6.52,2.0,0.5564686186796667,152,42
6.55,0.4,0.6126668376556195,152,42
6.55,0.5,0.6126668376556195,152,42
6.55,1.0,0.6126668376556195,152,42
6.55,1.2,0.6126668376556195,152,42
6.55,1.25,0.548099219081221,152,42
6.55,1.4,0.548099219081221,152,42
6.55,1.45,0.5431298797423887,152,42
6.55,1.5,0.5431298797423887,152,42
6.55,1.6,0.5480583328110571,152,42
6.55,1.65,0.5480583328110571,152,42
6.55,1.7,0.5480583328110571,152,42
6.55,1.75,0.5480583328110571,152,42
6.55,1.8,0.5468111928772519,152,42
6.55,1.85,0.54963169653495,152,42
6.55,1.9,0.54963169653495,152,42
6.55,1.925,0.54963169653495,152,42
6.55,1.94,0.5564686186796667,152,42
6.55,1.95,0.5564686186796667,152,42
6.55,1.9625,0.5564686186796667,152,42
6.55,1.982,0.5564686186796667,152,42
6.55,2.0,0.5564686186796667,152,42
6.6,0.4,0.620939408306539,152,42
6.6,0.5,0.620939408306539,152,42
6.6,1.0,0.620939408306539,152,42
6.6,1.2,0.620939408306539,152,42
6.6,1.25,0.5568060165911617,152,42
6.6,1.4,0.5568060165911617,152,42
6.6,1.45,0.5518594762062347,152,42
6.6,1.5,0.5518594762062347,152,42
6.6,1.6,0.5567649676897082,152,42
6.6,1.65,0.5567649676897082,152,42
6.6,1.7,0.5567649676897082,152,42
6.6,1.75,0.5567649676897082,152,42
6.6,1.8,0.5555572043804069,152,42
6.6,1.85,0.5583681363548321,152,42
6.6,1.9,0.5583681363548321,152,42
6.6,1.925,0.5583681363548321,152,42
6.6,1.94,0.5651090219824962,152,42
6.6,1.95,0.5651090219824962,152,42
6.6,1.9625,0.5651090219824962,152,42
6.6,1.982,0.558890029076432,152,42
6.6,2.0,0.558890029076432,152,42
6.601,0.4,0.620939408306539,152,42
6.601,0.5,0.620939408306539,152,42
6.601,1.0,0.620939408306539,152,42
6.601,1.2,0.620939408306539,152,42
6.601,1.25,0.5568060165911617,152,42
6.601,1.4,0.5568060165911617,152,42
6.601,1.45,0.5518594762062347,152,42
6.601,1.5,0.5518594762062347,152,42
6.601,1.6,0.5567649676897082,152,42
6.601,1.65,0.5567649676897082,152,42
6.601,1.7,0.5567649676897082,152,42
6.601,1.75,0.5567649676897082,152,42
6.601,1.8,0.5555572043804069,152,42
6.601,1.85,0.5583681363548321,152,42
6.601,1.9,0.5583681363548321,152,42
6.601,1.925,0.5583681363548321,152,42
6.601,1.94,0.5651090219824962,152,42
6.601,1.95,0.5651090219824962,152,42
6.601,1.9625,0.5651090219824962,152,42
6.601,1.982,0.558890029076432,152,42
6.601,2.0,0.558890029076432,152,42
6.62,0.4,0.620939408306539,152,42
6.62,0.5,0.620939408306539,152,42
6.62,1.0,0.620939408306539,152,42
6.62,1.2,0.620939408306539,152,42
6.62,1.25,0.5568060165911617,152,42
6.62,1.4,0.5568060165911617,152,42
6.62,1.45,0.5518594762062347,152,42
6.62,1.5,0.5518594762062347,152,42
6.62,1.6,0.5567649676897082,152,42
6.62,1.65,0.5567649676897082,152,42
6.62,1.7,0.5567649676897082,152,42
6.62,1.75,0.5567649676897082,152,42
6.62,1.8,0.5555572043804069,152,42
6.62,1.85,0.5583681363548321,152,42
6.62,1.9,0.5583681363548321,152,42
6.62,1.925,0.5583681363548321,152,42
6.62,1.94,0.5651090219824962,152,42
6.62,1.95,0.5651090219824962,152,42
6.62,1.9625,0.5651090219824962,152,42
6.62,1.982,0.558890029076432,152,42
6.62,2.0,0.558890029076432,152,42
6.64,0.4,0.6064694841595195,152,42
6.64,0.5,0.6064694841595195,152,42
6.64,1.0,0.6064694841595195,152,42
6.64,1.2,0.6064694841595195,152,42
6.64,1.25,0.5410237165122491,152,42
6.64,1.4,0.5410237165122491,152,42
6.64,1.45,0.5359305035835882,152,42
6.64,1.5,0.5359305035835882,152,42
6.64,1.6,0.5409462906724853,152,42
6.64,1.65,0.5409462906724853,152,42
6.64,1.7,0.5409462906724853,152,42
6.64,1.75,0.5409462906724853,152,42
6.64,1.8,0.53968224953736,152,42
6.64,1.85,0.5425820140235171,152,42
6.64,1.9,0.5425820140235171,152,42
6.64,1.925,0.5425820140235171,152,42
6.64,1.94,0.549432000952309,152,42
6.64,1.95,0.549432000952309,152,42
6.64,1.9625,0.549432000952309,152,42
6.64,1.982,0.543102500007081,152,42
6.64,2.0,0.543102500007081,152,42
6.65,0.4,0.6064694841595195,152,42
6.65,0.5,0.6064694841595195,152,42
6.65,1.0,0.6064694841595195,152,42
6.65,1.2,0.6064694841595195,152,42
6.65,1.25,0.5410237165122491,152,42
6.65,1.4,0.5410237165122491,152,42
6.65,1.45,0.5359305035835882,152,42
6.65,1.5,0.5359305035835882,152,42
6.65,1.6,0.5409462906724853,152,42
6.65,1.65,0.5409462906724853,152,42
6.65,1.7,0.5409462906724853,152,42
6.65,1.75,0.5409462906724853,152,42
6.65,1.8,0.53968224953736,152,42
6.65,1.85,0.5425820140235171,152,42
6.65,1.9,0.5425820140235171,152,42
6.65,1.925,0.5425820140235171,152,42
6.65,1.94,0.549432000952309,152,42
6.65,1.95,0.549432000952309,152,42
6.65,1.9625,0.549432000952309,152,42
6.65,1.982,0.543102500007081,152,42
6.65,2.0,0.543102500007081,152,42
6.66,0.4,0.6064694841595195,152,42
6.66,0.5,0.6064694841595195,152,42
6.66,1.0,0.6064694841595195,152,42
6.66,1.2,0.6064694841595195,152,42
6.66,1.25,0.5410237165122491,152,42
6.66,1.4,0.5410237165122491,152,42
6.66,1.45,0.5359305035835882,152,42
6.66,1.5,0.5359305035835882,152,42
6.66,1.6,0.5409462906724853,152,42
6.66,1.65,0.5409462906724853,152,42
6.66,1.7,0.5409462906724853,152,42
6.66,1.75,0.5409462906724853,152,42
6.66,1.8,0.53968224953736,152,42
6.66,1.85,0.5425820140235171,152,42
6.66,1.9,0.5425820140235171,152,42
6.66,1.925,0.5425820140235171,152,42
6.66,1.94,0.549432000952309,152,42
6.66,1.95,0.549432000952309,152,42
6.66,1.9625,0.549432000952309,152,42
6.66,1.982,0.543102500007081,152,42
6.66,2.0,0.543102500007081,152,42
6.68,0.4,0.6059974816543897,152,42
6.68,0.5,0.6059974816543897,152,42
6.68,1.0,0.6059974816543897,152,42
6.68,1.2,0.6059974816543897,152,42
6.68,1.25,0.5404350762430024,152,42
6.68,1.4,0.5404350762430024,152,42
6.68,1.45,0.5353174681467289,152,42
6.68,1.5,0.5353174681467289,152,42
6.68,1.6,0.540340543541141,152,42
6.68,1.65,0.540340543541141,152,42
6.68,1.7,0.540340543541141,152,42
6.68,1.75,0.540340543541141,152,42
6.68,1.8,0.5390765024060156,152,42
6.68,1.85,0.5419979071048489,152,42
6.68,1.9,0.5419979071048489,152,42
6.68,1.925,0.5419979071048489,152,42
6.68,1.94,0.5488601539879985,152,42
6.68,1.95,0.5488601539879985,152,42
6.68,1.9625,0.5488601539879985,152,42
6.68,1.982,0.5425222489437834,152,42
6.68,2.0,0.5425222489437834,152,42
6.7,0.4,0.6059974816543897,152,42
6.7,0.5,0.6059974816543897,152,42
6.7,1.0,0.6059974816543897,152,42
6.7,1.2,0.6059974816543897,152,42
6.7,1.25,0.5404350762430024,152,42
6.7,1.4,0.5404350762430024,152,42
6.7,1.45,0.5353174681467289,152,42
6.7,1.5,0.5353174681467289,152,42
6.7,1.6,0.540340543541141,152,42
6.7,1.65,0.540340543541141,152,42
6.7,1.7,0.540340543541141,152,42
6.7,1.75,0.540340543541141,152,42
6.7,1.8,0.5390765024060156,152,42
6.7,1.85,0.5419979071048489,152,42
6.7,1.9,0.5419979071048489,152,42
6.7,1.925,0.5419979071048489,152,42
6.7,1.94,0.5488601539879985,152,42
6.7,1.95,0.5488601539879985,152,42
6.7,1.9625,0.5488601539879985,152,42
6.7,1.982,0.5425222489437834,152,42
6.7,2.0,0.5425222489437834,152,42
6.75,0.4,0.6059974816543897,152,42
6.75,0.5,0.6059974816543897,152,42
6.75,1.0,0.6059974816543897,152,42
6.75,1.2,0.6059974816543897,152,42
6.75,1.25,0.5404350762430024,152,42
6.75,1.4,0.5404350762430024,152,42
6.75,1.45,0.5353174681467289,152,42
6.75,1.5,0.5353174681467289,152,42
6.75,1.6,0.540340543541141,152,42
6.75,1.65,0.540340543541141,152,42
6.75,1.7,0.540340543541141,152,42
6.75,1.75,0.540340543541141,152,42
6.75,1.8,0.5390765024060156,152,42
6.75,1.85,0.5419979071048489,152,42
6.75,1.9,0.5419979071048489,152,42
6.75,1.925,0.5419979071048489,152,42
6.75,1.94,0.5488601539879985,152,42
6.75,1.95,0.5488601539879985,152,42
6.75,1.9625,0.5488601539879985,152,42
6.75,1.982,0.5425222489437834,152,42
6.75,2.0,0.5425222489437834,152,42
6.775,0.4,0.40767112938101957,152,42
6.775,0.5,0.40767112938101957,152,42
6.775,1.0,0.40767112938101957,152,42
6.775,1.2,0.40767112938101957,152,42
6.775,1.25,0.32357679873563183,152,42
6.775,1.4,0.32357679873563183,152,42
6.775,1.45,0.3114929473057376,152,42
6.775,1.5,0.3114929473057376,152,42
6.775,1.6,0.3170260291688171,152,42
6.775,1.65,0.3170260291688171,152,42
6.775,1.7,0.3170260291688171,152,42
6.775,1.75,0.3170260291688171,152,42
6.775,1.8,0.3149751996530547,152,42
6.775,1.85,0.32484185141621785,152,42
6.775,1.9,0.32484185141621785,152,42
6.775,1.925,0.32484185141621785,152,42
6.775,1.94,0.3365509598797983,152,42
6.775,1.95,0.3365509598797983,152,42
6.775,1.9625,0.3365509598797983,152,42
6.775,1.982,0.3365509598797983,152,42
6.775,2.0,0.3365509598797983,152,42
6.799,0.4,0.40767112938101957,152,42
6.799,0.5,0.40767112938101957,152,42
6.799,1.0,0.40767112938101957,152,42
6.799,1.2,0.40767112938101957,152,42
6.799,1.25,0.32357679873563183,152,42
6.799,1.4,0.32357679873563183,152,42
6.799,1.45,0.3114929473057376,152,42
6.799,1.5,0.3114929473057376,152,42
6.799,1.6,0.3170260291688171,152,42
6.799,1.65,0.3170260291688171,152,42
6.799,1.7,0.3170260291688171,152,42
6.799,1.75,0.3170260291688171,152,42
6.799,1.8,0.3149751996530547,152,42
6.799,1.85,0.32484185141621785,152,42
6.799,1.9,0.32484185141621785,152,42
6.799,1.925,0.32484185141621785,152,42
6.799,1.94,0.3365509598797983,152,42
6.799,1.95,0.3365509598797983,152,42
6.799,1.9625,0.3365509598797983,152,42
6.799,1.982,0.3365509598797983,152,42
6.799,2.0,0.3365509598797983,152,42
6.8,0.4,0.40767112938101957,152,42
6.8,0.5,0.40767112938101957,152,42
6.8,1.0,0.40767112938101957,152,42
6.8,1.2,0.40767112938101957,152,42
6.8,1.25,0.32357679873563183,152,42
6.8,1.4,0.32357679873563183,152,42
6.8,1.45,0.3114929473057376,152,42
6.8,1.5,0.3114929473057376,152,42
6.8,1.6,0.3170260291688171,152,42
6.8,1.65,0.3170260291688171,152,42
6.8,1.7,0.3170260291688171,152,42
6.8,1.75,0.3170260291688171,152,42
6.8,1.8,0.3149751996530547,152,42
6.8,1.85,0.32484185141621785,152,42
6.8,1.9,0.32484185141621785,152,42
6.8,1.925,0.32484185141621785,152,42
6.8,1.94,0.3365509598797983,152,42
6.8,1.95,0.3365509598797983,152,42
6.8,1.9625,0.3365509598797983,152,42
6.8,1.982,0.3365509598797983,152,42
6.8,2.0,0.3365509598797983,152,42
6.85,0.4,0.40767112938101957,152,42
6.85,0.5,0.40767112938101957,152,42
6.85,1.0,0.40767112938101957,152,42
6.85,1.2,0.40767112938101957,152,42
6.85,1.25,0.32357679873563183,152,42
6.85,1.4,0.32357679873563183,152,42
6.85,1.45,0.3114929473057376,152,42
6.85,1.5,0.3114929473057376,152,42
6.85,1.6,0.3170260291688171,152,42
6.85,1.65,0.3170260291688171,152,42
6.85,1.7,0.3170260291688171,152,42
6.85,1.75,0.3170260291688171,152,42
6.85,1.8,0.3149751996530547,152,42
6.85,1.85,0.32484185141621785,152,42
6.85,1.9,0.32484185141621785,152,42
6.85,1.925,0.32484185141621785,152,42
6.85,1.94,0.3365509598797983,152,42
6.85,1.95,0.3365509598797983,152,42
6.85,1.9625,0.3365509598797983,152,42
6.85,1.982,0.3365509598797983,152,42
6.85,2.0,0.3365509598797983,152,42
6.95,0.4,0.40767112938101957,152,42
6.95,0.5,0.40767112938101957,152,42
6.95,1.0,0.40767112938101957,152,42
6.95,1.2,0.40767112938101957,152,42
6.95,1.25,0.32357679873563183,152,42
6.95,1.4,0.32357679873563183,152,42
6.95,1.45,0.3114929473057376,152,42
6.95,1.5,0.3114929473057376,152,42
6.95,1.6,0.3170260291688171,152,42
6.95,1.65,0.3170260291688171,152,42
6.95,1.7,0.3170260291688171,152,42
6.95,1.75,0.3170260291688171,152,42
6.95,1.8,0.3149751996530547,152,42
6.95,1.85,0.32484185141621785,152,42
6.95,1.9,0.32484185141621785,152,42
6.95,1.925,0.32484185141621785,152,42
6.95,1.94,0.3365509598797983,152,42
6.95,1.95,0.3365509598797983,152,42
6.95,1.9625,0.3365509598797983,152,42
6.95,1.982,0.3365509598797983,152,42
6.95,2.0,0.3365509598797983,152,42
7.0,0.4,0.42400760061970927,152,42
7.0,0.5,0.42400760061970927,152,42
7.0,1.0,0.42400760061970927,152,42
7.0,1.2,0.42400760061970927,152,42
7.0,1.25,0.33875733335295183,152,42
7.0,1.4,0.33875733335295183,152,42
7.0,1.45,0.32654707150469237,152,42
7.0,1.5,0.32654707150469237,152,42
7.0,1.6,0.3321937395629437,152,42
7.0,1.65,0.3321937395629437,152,42
7.0,1.7,0.3321937395629437,152,42
7.0,1.75,0.3321937395629437,152,42
7.0,1.8,0.33013355165933084,152,42
7.0,1.85,0.3400603397245601,152,42
7.0,1.9,0.3400603397245601,152,42
7.0,1.925,0.3400603397245601,152,42
7.0,1.94,0.3519063046641975,152,42
7.0,1.95,0.3519063046641975,152,42
7.0,1.9625,0.3519063046641975,152,42
7.0,1.982,0.3519063046641975,152,42
7.0,2.0,0.3519063046641975,152,42
7.06,0.4,0.42400760061970927,152,42
7.06,0.5,0.42400760061970927,152,42
7.06,1.0,0.42400760061970927,152,42
7.06,1.2,0.42400760061970927,152,42
7.06,1.25,0.33875733335295183,152,42
7.06,1.4,0.33875733335295183,152,42
7.06,1.45,0.32654707150469237,152,42
7.06,1.5,0.32654707150469237,152,42
7.06,1.6,0.3321937395629437,152,42
7.06,1.65,0.3321937395629437,152,42
7.06,1.7,0.3321937395629437,152,42
7.06,1.75,0.3321937395629437,152,42
7.06,1.8,0.33013355165933084,152,42
7.06,1.85,0.3400603397245601,152,42
7.06,1.9,0.3400603397245601,152,42
7.06,1.925,0.3400603397245601,152,42
7.06,1.94,0.3519063046641975,152,42
7.06,1.95,0.3519063046641975,152,42
7.06,1.9625,0.3519063046641975,152,42
7.06,1.982,0.3519063046641975,152,42
7.06,2.0,0.3519063046641975,152,42
7.65,0.4,0.42400760061970927,152,42
7.65,0.5,0.42400760061970927,152,42
7.65,1.0,0.42400760061970927,152,42
7.65,1.2,0.42400760061970927,152,42
7.65,1.25,0.33875733335295183,152,42
7.65,1.4,0.33875733335295183,152,42
7.65,1.45,0.32654707150469237,152,42
7.65,1.5,0.32654707150469237,152,42
7.65,1.6,0.3321937395629437,152,42
7.65,1.65,0.3321937395629437,152,42
7.65,1.7,0.3321937395629437,152,42
7.65,1.75,0.3321937395629437,152,42
7.65,1.8,0.33013355165933084,152,42
7.65,1.85,0.3400603397245601,152,42
7.65,1.9,0.3400603397245601,152,42
7.65,1.925,0.3400603397245601,152,42
7.65,1.94,0.3519063046641975,152,42
7.65,1.95,0.3519063046641975,152,42
7.65,1.9625,0.3519063046641975,152,42
7.65,1.982,0.3519063046641975,152,42
7.65,2.0,0.3519063046641975,152,42
