grid_value,p_high,n,n_sources
0.0,0.45357421996858954,152,42
0.025,0.4524338690913966,152,42
0.05,0.45531382940885695,152,42
0.067,0.45457092435209734,152,42
0.1,0.4552866174674615,152,42
0.133,0.4594410391551649,152,42
0.15,0.46786519806473575,152,42
0.16,0.4648790188485794,152,42
0.2,0.5477465410757484,152,42
0.244,0.5415500063813283,152,42
0.25,0.5406125063813283,152,42
0.3,0.5458913186307517,152,42
0.35,0.5557138411534993,152,42
0.36,0.5580683124010627,152,42
0.4,0.5590935316993083,152,42
0.42,0.5590935316993083,152,42
