job_id,cohort,model,data_version,imputation,threshold_name,threshold,seed,method,fold,split,n,true_0,true_1,accuracy,f1_weighted,roc_auc,auc_reason,tn,fp,fn,tp,reload_verified,best_cv_f1,best_params,elapsed_seconds
ga_CB_V_raw_A0_T_main_seed0,ga,CB,V_raw,A0,T_main,0.000269,0,holdout,-1,val,13,6,7,0.6923076923076923,0.6923076923076923,0.9047619047619048,,4,2,2,5,True,0.881968401968402,"{""depth"": 4, ""iterations"": 300, ""learning_rate"": 0.1}",9.124250042000028
ga_CB_V_raw_A0_T_main_seed0,ga,CB,V_raw,A0,T_main,0.000269,0,holdout,-1,test,13,5,8,0.8461538461538461,0.8461538461538461,0.975,,4,1,1,7,True,0.881968401968402,"{""depth"": 4, ""iterations"": 300, ""learning_rate"": 0.1}",9.139334667000014
ga_AB_V_raw_A0_T_main_seed0,ga,AB,V_raw,A0,T_main,0.000269,0,holdout,-1,val,13,6,7,0.7692307692307693,0.7692307692307693,0.8333333333333335,,5,1,2,5,True,0.8323180523180523,"{""learning_rate"": 1.0, ""n_estimators"": 100}",4.22955512499999
ga_AB_V_raw_A0_T_main_seed0,ga,AB,V_raw,A0,T_main,0.000269,0,holdout,-1,test,13,5,8,0.8461538461538461,0.8461538461538461,0.975,,4,1,1,7,True,0.8323180523180523,"{""learning_rate"": 1.0, ""n_estimators"": 100}",4.26900141699997
ga_CB_V_raw_A0_T_main_seed1,ga,CB,V_raw,A0,T_main,0.000269,1,holdout,-1,val,13,6,7,0.9230769230769232,0.922144522144522,1.0,,5,1,0,7,True,0.7133333333333333,"{""depth"": 4, ""iterations"": 300, ""learning_rate"": 0.03}",9.225471083000002
ga_CB_V_raw_A0_T_main_seed1,ga,CB,V_raw,A0,T_main,0.000269,1,holdout,-1,test,13,5,8,1.0,1.0,1.0,,5,0,0,8,True,0.7133333333333333,"{""depth"": 4, ""iterations"": 300, ""learning_rate"": 0.03}",9.240174707999984
ga_AB_V_raw_A0_T_main_seed1,ga,AB,V_raw,A0,T_main,0.000269,1,holdout,-1,val,13,6,7,0.6923076923076923,0.6807692307692308,0.8928571428571429,,3,3,1,6,True,0.7488888888888889,"{""learning_rate"": 0.1, ""n_estimators"": 100}",4.087674958000036
ga_AB_V_raw_A0_T_main_seed1,ga,AB,V_raw,A0,T_main,0.000269,1,holdout,-1,test,13,5,8,0.8461538461538461,0.8461538461538461,0.8125,,4,1,1,7,True,0.7488888888888889,"{""learning_rate"": 0.1, ""n_estimators"": 100}",4.126760208000007
ga_CB_V_raw_A0_T_main_seed2,ga,CB,V_raw,A0,T_main,0.000269,2,holdout,-1,val,13,6,7,0.9230769230769232,0.9230769230769232,1.0,,6,0,1,6,True,0.7990054390054391,"{""depth"": 6, ""iterations"": 600, ""learning_rate"": 0.03}",9.17669679200003
ga_CB_V_raw_A0_T_main_seed2,ga,CB,V_raw,A0,T_main,0.000269,2,holdout,-1,test,13,5,8,1.0,1.0,1.0,,5,0,0,8,True,0.7990054390054391,"{""depth"": 6, ""iterations"": 600, ""learning_rate"": 0.03}",9.19431137500004
ga_AB_V_raw_A0_T_main_seed2,ga,AB,V_raw,A0,T_main,0.000269,2,holdout,-1,val,13,6,7,0.8461538461538461,0.8461538461538461,0.9285714285714286,,5,1,1,6,True,0.7990054390054391,"{""learning_rate"": 1.0, ""n_estimators"": 100}",4.141667250000012
ga_AB_V_raw_A0_T_main_seed2,ga,AB,V_raw,A0,T_main,0.000269,2,holdout,-1,test,13,5,8,0.9230769230769232,0.9210658622423328,1.0,,4,1,0,8,True,0.7990054390054391,"{""learning_rate"": 1.0, ""n_estimators"": 100}",4.1813247499999875
ga_CB_V_raw_A0_T_main_seed3,ga,CB,V_raw,A0,T_main,0.000269,3,holdout,-1,val,13,6,7,0.9230769230769232,0.9230769230769232,0.9761904761904762,,6,0,1,6,True,0.8126165501165501,"{""depth"": 4, ""iterations"": 300, ""learning_rate"": 0.1}",8.909286583999972
ga_CB_V_raw_A0_T_main_seed3,ga,CB,V_raw,A0,T_main,0.000269,3,holdout,-1,test,13,5,8,0.8461538461538461,0.847985347985348,1.0,,5,0,2,6,True,0.8126165501165501,"{""depth"": 4, ""iterations"": 300, ""learning_rate"": 0.1}",8.924511750000022
ga_AB_V_raw_A0_T_main_seed3,ga,AB,V_raw,A0,T_main,0.000269,3,holdout,-1,val,13,6,7,0.8461538461538461,0.8443223443223443,0.9047619047619048,,6,0,2,5,True,0.7986159673659674,"{""learning_rate"": 1.0, ""n_estimators"": 300}",4.323233083000048
ga_AB_V_raw_A0_T_main_seed3,ga,AB,V_raw,A0,T_main,0.000269,3,holdout,-1,test,13,5,8,0.8461538461538461,0.847985347985348,0.925,,5,0,2,6,True,0.7986159673659674,"{""learning_rate"": 1.0, ""n_estimators"": 300}",4.415724250000039
ga_CB_V_raw_A0_T_main_seed4,ga,CB,V_raw,A0,T_main,0.000269,4,holdout,-1,val,13,6,7,0.7692307692307693,0.7511312217194571,0.8809523809523808,,3,3,0,7,True,0.7441938616938617,"{""depth"": 4, ""iterations"": 600, ""learning_rate"": 0.03}",8.667302749999976
ga_CB_V_raw_A0_T_main_seed4,ga,CB,V_raw,A0,T_main,0.000269,4,holdout,-1,test,13,5,8,0.8461538461538461,0.8354700854700854,0.925,,3,2,0,8,True,0.7441938616938617,"{""depth"": 4, ""iterations"": 600, ""learning_rate"": 0.03}",8.682445791999953
ga_AB_V_raw_A0_T_main_seed4,ga,AB,V_raw,A0,T_main,0.000269,4,holdout,-1,val,13,6,7,0.8461538461538461,0.8403846153846154,0.9047619047619048,,4,2,0,7,True,0.7814400414400414,"{""learning_rate"": 1.0, ""n_estimators"": 300}",4.250007124999968
ga_AB_V_raw_A0_T_main_seed4,ga,AB,V_raw,A0,T_main,0.000269,4,holdout,-1,test,13,5,8,0.8461538461538461,0.8354700854700854,1.0,,3,2,0,8,True,0.7814400414400414,"{""learning_rate"": 1.0, ""n_estimators"": 300}",4.342729540999983
