split,record_id,source_id,label
train,9,3,0
train,10,3,0
train,16,5,1
train,17,6,1
train,18,6,1
train,19,7,0
train,21,9,0
train,22,10,1
train,23,11,0
train,24,11,0
train,25,11,1
train,26,11,1
train,27,11,1
train,28,11,1
train,29,11,1
train,30,12,0
train,31,13,0
train,32,14,1
train,35,16,1
train,36,16,1
train,37,16,1
train,39,18,0
train,40,18,0
train,41,18,1
train,42,19,0
train,43,19,0
train,44,19,0
train,45,19,1
train,46,20,0
train,47,20,0
train,48,20,0
train,49,20,0
train,50,20,0
train,51,21,1
train,52,21,1
train,53,21,1
train,54,21,1
train,55,21,0
train,56,22,1
train,57,22,1
train,58,22,1
train,59,22,0
train,60,22,0
train,65,25,1
train,66,25,0
train,67,25,0
train,68,25,0
train,69,25,0
train,70,25,0
train,71,26,1
train,72,26,0
train,77,28,0
train,78,28,1
train,79,28,1
train,80,28,1
train,81,28,1
train,83,30,0
train,84,30,0
train,85,30,0
train,86,30,1
train,87,30,1
train,88,30,1
train,89,31,0
train,90,31,0
train,91,31,0
train,92,31,1
train,93,31,1
train,94,31,1
train,95,31,1
train,96,31,1
train,97,31,1
train,98,31,1
train,99,32,0
train,100,32,0
train,101,32,0
train,102,32,0
train,103,32,0
train,104,32,0
train,105,32,0
train,106,32,0
train,107,32,0
train,108,32,0
train,109,32,0
train,110,32,0
train,111,32,0
train,112,32,0
train,113,32,0
train,114,32,0
train,115,32,0
train,116,32,1
train,117,32,1
train,118,32,1
train,119,33,0
train,120,33,1
train,121,33,1
train,122,33,0
train,123,34,0
train,124,34,0
train,125,34,1
train,126,34,1
train,127,34,1
train,128,34,0
train,129,35,0
train,130,35,0
train,131,35,0
train,132,35,0
train,133,35,0
train,134,36,1
train,135,36,1
train,136,36,1
train,137,36,0
train,138,36,0
train,139,36,0
train,140,36,0
train,141,36,0
train,142,37,1
train,143,37,1
train,144,37,1
train,145,37,1
train,146,38,1
train,147,38,1
train,148,38,1
train,149,38,1
train,150,38,1
train,151,38,1
train,152,39,0
train,153,40,1
train,154,40,1
train,155,40,1
train,156,40,1
train,157,40,1
train,158,40,1
train,159,40,1
train,160,40,1
train,161,40,1
train,162,40,1
train,163,41,0
train,164,41,1
train,165,41,1
train,166,41,1
train,167,41,1
train,168,41,0
train,169,41,0
train,171,43,0
train,172,43,0
train,173,43,0
train,174,43,0
train,178,45,1
train,179,45,1
train,180,45,1
train,181,45,0
train,182,46,1
train,183,47,0
train,184,47,1
train,185,47,1
train,186,47,1
train,187,47,0
train,194,49,0
train,195,49,1
train,196,49,1
train,197,49,1
train,198,49,0
train,199,50,1
train,200,50,0
train,201,50,0
train,202,50,0
train,203,51,1
train,204,51,0
train,205,51,1
train,206,53,0
train,225,55,1
train,226,55,1
train,227,55,1
train,228,55,1
test,2,1,0
test,3,1,1
test,4,1,1
test,5,1,1
test,6,1,1
test,7,1,1
test,11,4,0
test,12,4,0
test,13,4,0
test,14,4,0
test,15,4,0
test,20,8,1
test,33,15,0
test,34,15,0
test,61,24,0
test,62,24,0
test,63,24,1
test,64,24,1
test,73,27,0
test,74,27,0
test,75,27,0
test,76,27,0
test,82,29,1
test,175,44,1
test,176,44,1
test,177,44,1
test,207,54,0
test,208,54,0
test,209,54,0
test,210,54,0
test,211,54,1
test,212,54,1
test,213,54,0
test,214,54,0
test,215,54,0
test,216,54,1
test,217,54,1
test,218,54,1
test,219,54,0
test,220,54,0
test,221,54,0
test,222,54,0
test,223,54,1
test,224,54,1
