record_id,Li Composition,La_comp,Zr_comp,Li_site_sto,La_site_sto,Zr_site_sto,# of Dopants,%excess Li,1st Calcination Temp,1st Calcination Time,# of calcinations,Ball milling time,# of ball milling,Sintering Temperature,Sintering Time,Temperature(Ionic conductivity),Li Precursor,La Precursor,Li_dop,La_dop,Zr_dop
2,7.0,3.0,2.0,0.0,0.0,0.0,0,15.0,900,12.0,1,12.0,1,1200,12.0,25.0,LiOH,La(OH)3,0,0,0
3,6.7,3.0,1.85,0.0,0.0,0.15,1,15.0,900,12.0,1,12.0,1,1200,12.0,25.0,LiOH,La(OH)3,0,0,W
4,6.5,3.0,1.75,0.0,0.0,0.25,1,15.0,900,12.0,1,12.0,1,1200,12.0,25.0,LiOH,La(OH)3,0,0,W
5,6.3,3.0,1.65,0.0,0.0,0.35,1,15.0,900,12.0,1,12.0,1,1200,12.0,25.0,LiOH,La(OH)3,0,0,W
6,6.1,3.0,1.55,0.0,0.0,0.45,1,15.0,900,12.0,1,12.0,1,1200,12.0,25.0,LiOH,La(OH)3,0,0,W
7,5.9,3.0,1.45,0.0,0.0,0.55,1,15.0,900,12.0,1,12.0,1,1200,12.0,25.0,LiOH,La(OH)3,0,0,W
8,,,,,,,1,2.0,950,6.0,1,6.0,2,1250,0.5,25.0,LiOH.H2O,La2O3,,,
9,7.0,3.0,2.0,0.0,0.0,0.0,0,15.0,950,12.0,1,2.0,1,1200,12.0,25.0,Li2CO3,La2O3,0,0,0
10,6.25,3.0,2.0,0.25,0.0,0.0,1,15.0,950,12.0,1,2.0,1,1200,12.0,25.0,Li2CO3,La2O3,Al,0,0
11,6.25,3.0,2.0,0.0,0.0,0.0,1,5.0,950,5.0,1,2.0,1,1300,1.0,25.0,Li2CO3,La(OH)3,0,0,0
12,7.0,3.0,2.0,0.0,0.0,0.0,0,5.0,950,5.0,1,2.0,1,1300,1.0,30.0,Li2CO3,La(OH)3,0,0,0
13,6.799,3.0,2.0,0.067,0.0,0.0,1,5.0,950,5.0,1,2.0,1,1300,1.0,30.0,Li2CO3,La(OH)3,Al,0,0
14,6.601,3.0,2.0,0.133,0.0,0.0,1,5.0,950,5.0,1,2.0,1,1300,1.0,30.0,Li2CO3,La(OH)3,Al,0,0
15,6.4,3.0,2.0,0.2,0.0,0.0,1,5.0,950,5.0,1,2.0,1,1300,1.0,30.0,Li2CO3,La(OH)3,Al,0,0
16,6.28,3.0,2.0,0.24,0.0,0.0,1,10.0,700,6.0,2,6.0,2,1200,12.0,25.0,LiOH.H2O,La2O3,Al,0,0
17,6.4,3.0,1.4,0.0,0.0,0.6,1,15.0,700,10.0,1,12.0,2,1250,1.0,25.0,LiOH,La2O3,0,0,Ta
18,6.4,3.0,1.4,0.0,0.0,0.6,1,15.0,700,10.0,1,12.0,2,1250,1.0,25.0,LiOH,La2O3,0,0,Ta
19,6.5,3.0,0.5,0.0,0.0,1.5,3,40.0,900,6.0,1,24.0,2,1050,36.0,25.0,Li2CO3,La2O3,0,0,Ta/Nb/Y
20,6.55,3.0,2.0,0.15,0.0,0.0,2,10.0,1000,12.0,1,12.0,2,1100,12.0,25.0,LiOH.H2O,La2O3,Ga,0,0
21,7.7,3.0,2.0,0.3,0.0,0.0,1,10.0,800,10.0,2,12.0,2,1200,24.0,25.0,Li2CO3,La2O3,Al,0,0
22,6.4,3.0,2.0,0.2,0.0,0.0,1,0.0,850,20.0,2,1.0,1,1200,30.0,25.0,LiOH.H2O,La2O3,Al,0,0
23,6.7,3.0,2.0,0.1,0.0,0.0,1,10.0,900,6.0,1,15.0,2,1100,24.0,25.0,Li2CO3,La2O3,Ga,0,0
24,6.55,3.0,2.0,0.15,0.0,0.0,1,10.0,900,6.0,1,15.0,2,1100,24.0,25.0,Li2CO3,La2O3,Ga,0,0
25,6.4,3.0,2.0,0.2,0.0,0.0,1,10.0,900,6.0,1,15.0,2,1100,24.0,25.0,Li2CO3,La2O3,Ga,0,0
26,6.25,3.0,2.0,0.25,0.0,0.0,1,10.0,900,6.0,1,15.0,2,1100,24.0,25.0,Li2CO3,La2O3,Ga,0,0
27,6.1,3.0,2.0,0.3,0.0,0.0,1,10.0,900,6.0,1,15.0,2,1100,24.0,25.0,Li2CO3,La2O3,Ga,0,0
28,5.95,3.0,2.0,0.35,0.0,0.0,1,10.0,900,6.0,1,15.0,2,1100,24.0,25.0,Li2CO3,La2O3,Ga,0,0
29,5.8,3.0,2.0,0.42,0.0,0.0,1,10.0,900,6.0,1,15.0,2,1100,24.0,25.0,Li2CO3,La2O3,Ga,0,0
30,7.2,3.0,1.8,0.0,0.0,0.2,1,10.0,900,12.0,1,24.0,1,1220,36.0,25.0,Li2CO3,La(OH)3,0,0,Gd
31,6.52,2.98,1.9,0.2,0.02,0.1,3,10.0,900,6.0,2,12.0,2,1160,10.0,25.0,Li2CO3,La2O3,Al,Ba,Y
32,7.0,3.0,1.7,0.0,0.0,0.3,1,10.0,900,10.0,1,8.0,1,1180,20.0,30.0,Li2CO3,La2O3,0,0,Ti
33,7.06,3.0,1.94,0.0,0.0,0.06,1,10.0,950,6.0,1,8.0,1,1200,3.0,20.0,Li2CO3,La2O3,0,0,Sm
34,7.0,3.0,2.0,0.0,0.0,0.0,0,10.0,950,6.0,1,8.0,1,1200,3.0,20.0,Li2CO3,La2O3,0,0,0
35,6.4,3.0,2.0,0.2,0.0,0.0,1,10.0,950,12.0,1,6.0,2,1200,10.0,25.0,LiOH.H2O,La2O3,Ga,0,0
36,6.25,3.0,2.0,0.25,0.0,0.0,1,10.0,950,12.0,1,6.0,2,1200,10.0,25.0,LiOH.H2O,La2O3,Al,0,0
37,6.25,3.0,1.85,0.25,0.0,0.15,2,10.0,950,12.0,1,6.0,2,1200,10.0,25.0,LiOH.H2O,La2O3,Al,0,Nb
38,,,,,,,1,,900,8.0,1,12.0,1,1150,8.0,,LiOH.H2O,La2O3,,,
39,6.3,3.0,1.65,0.0,0.0,0.35,1,10.0,900,12.0,1,2.0,1,1200,12.0,,Li2CO3,La2O3,0,0,W
40,6.3,3.0,1.65,0.0,0.0,0.35,1,10.0,900,12.0,1,2.0,1,1200,12.0,,Li2CO3,La2O3,0,0,W
41,6.3,3.0,1.65,0.0,0.0,0.35,1,10.0,900,12.0,1,2.0,1,1200,12.0,,Li2CO3,La2O3,0,0,W
42,6.95,3.0,2.0,0.25,0.0,0.0,1,23.2,900,6.0,1,2.0,2,1250,0.66,25.0,Li2CO3,La2O3,Al,0,0
43,6.15,3.0,2.0,0.25,0.0,0.0,1,10.4,900,6.0,1,2.0,2,1250,0.66,25.0,Li2CO3,La2O3,Al,0,0
44,7.65,3.0,2.0,0.25,0.0,0.0,1,34.4,900,6.0,1,2.0,2,1250,0.66,25.0,Li2CO3,La2O3,Al,0,0
45,6.95,3.0,1.982,0.244,0.0,0.018,3,23.2,900,6.0,1,2.0,2,1250,0.66,25.0,Li2CO3,La2O3,Al/Ga,0,Ta
46,6.7,3.0,2.0,0.1,0.0,0.0,1,10.0,950,6.0,1,12.0,2,1200,15.0,25.0,Li2CO3,La2O3,Ga,0,0
47,6.55,3.0,2.0,0.15,0.0,0.0,1,10.0,950,6.0,1,12.0,2,1200,15.0,25.0,Li2CO3,La2O3,Ga,0,0
48,6.4,3.0,2.0,0.2,0.0,0.0,1,10.0,950,6.0,1,12.0,2,1200,15.0,25.0,Li2CO3,La2O3,Ga,0,0
49,6.25,3.0,2.0,0.25,0.0,0.0,1,10.0,950,6.0,1,12.0,2,1200,15.0,25.0,Li2CO3,La2O3,Ga,0,0
50,6.1,3.0,2.0,0.3,0.0,0.0,1,10.0,950,6.0,1,12.0,2,1200,15.0,25.0,Li2CO3,La2O3,Ga,0,0
51,6.4,3.0,2.0,0.2,0.0,0.0,1,10.0,850,4.0,1,0.083,12,1230,6.0,20.0,Li2CO3,La2O3,Ga,0,0
52,6.4,3.0,2.0,0.2,0.0,0.0,2,10.0,850,4.0,1,0.083,12,1230,6.0,20.0,Li2CO3,La2O3,Al/Ga,0,0
53,6.4,3.0,2.0,0.2,0.0,0.0,2,10.0,850,4.0,1,0.083,12,1230,6.0,20.0,Li2CO3,La2O3,Al/Ga,0,0
54,6.4,3.0,2.0,0.2,0.0,0.0,2,10.0,850,4.0,1,0.083,12,1230,6.0,20.0,Li2CO3,La2O3,Al/Ga,0,0
55,6.4,3.0,2.0,0.2,0.0,0.0,1,10.0,850,4.0,1,0.083,12,1230,6.0,20.0,Li2CO3,La2O3,Al,0,0
56,6.5,2.9,2.0,0.2,0.1,0.0,2,10.0,900,12.0,1,12.0,2,1100,6.0,25.0,Li2CO3,La2O3,Ga,Sr,2
57,6.4,3.0,2.0,0.2,0.0,0.0,1,10.0,900,12.0,1,12.0,2,1100,6.0,25.0,Li2CO3,La2O3,Ga,0,0
58,6.6,2.8,2.0,0.2,0.2,0.0,2,10.0,900,12.0,1,12.0,2,1100,6.0,25.0,Li2CO3,La2O3,Ga,Sr,0
59,6.7,2.7,2.0,0.2,0.3,0.0,2,10.0,900,12.0,1,12.0,2,1100,6.0,25.0,Li2CO3,La2O3,Ga,Sr,0
60,6.8,2.6,2.0,0.2,0.4,0.0,2,10.0,900,12.0,1,12.0,2,1100,6.0,25.0,Li2CO3,La2O3,Ga,Sr,0
61,7.0,3.0,1.75,0.0,0.0,0.25,2,10.0,900,8.0,1,8.0,2,1230,15.0,30.0,Li2CO3,La2O3,0,0,Nb/Y
62,7.0,3.0,1.5,0.0,0.0,0.5,2,10.0,900,8.0,1,8.0,2,1230,15.0,30.0,Li2CO3,La2O3,0,0,Nb/Y
63,7.0,3.0,1.0,0.0,0.0,1.0,2,10.0,900,8.0,1,8.0,2,1230,15.0,30.0,Li2CO3,La2O3,0,0,Nb/Y
64,6.75,3.0,1.75,0.0,0.0,0.25,1,10.0,900,8.0,1,8.0,2,1230,15.0,30.0,Li2CO3,La2O3,0,0,Nb
65,7.0,3.0,1.95,0.0,0.0,0.1,1,10.0,1000,12.0,1,12.0,2,1075,12.0,25.0,LiOH.H2O,La2O3,0,0,Mg
66,7.0,3.0,1.9,0.0,0.0,0.2,1,10.0,1000,12.0,1,12.0,2,1075,12.0,25.0,LiOH.H2O,La2O3,0,0,Mg
67,7.0,3.0,1.9625,0.0,0.0,0.05,1,10.0,1000,12.0,1,12.0,2,1075,12.0,25.0,LiOH.H2O,La2O3,0,0,Sc
68,7.0,3.0,1.925,0.0,0.0,0.1,1,10.0,1000,12.0,1,12.0,2,1075,12.0,25.0,LiOH.H2O,La2O3,0,0,Sc
69,6.95,3.0,2.0,0.025,0.0,0.0,1,10.0,1000,12.0,1,12.0,2,1075,12.0,25.0,LiOH.H2O,La2O3,Zn,0,0
70,6.8,3.0,2.0,0.1,0.0,0.0,1,10.0,1000,12.0,1,12.0,2,1075,12.0,25.0,LiOH.H2O,La2O3,Zn,0,0
71,6.775,3.0,1.925,0.05,0.0,0.05,2,10.0,900,6.0,2,0.0,0,1170,6.0,25.0,Li2CO3,La2O3,Al,0,Sb
72,6.925,3.0,1.925,0.0,0.0,0.075,1,10.0,900,6.0,2,0.0,0,1170,6.0,25.0,Li2CO3,La2O3,0,0,Sb
73,6.75,3.0,1.75,0.0,0.0,0.25,1,15.0,800,6.0,1,12.0,1,1100,6.0,22.0,Li2CO3,La2O3,0,0,Ta
74,6.5,3.0,1.5,0.0,0.0,0.5,1,15.0,800,6.0,1,12.0,1,1100,6.0,22.0,Li2CO3,La2O3,0,0,Ta
75,6.25,3.0,1.25,0.0,0.0,0.75,1,15.0,800,6.0,1,12.0,1,1100,6.0,22.0,Li2CO3,La2O3,0,0,Ta
76,6.0,3.0,1.0,0.0,0.0,1.0,1,15.0,800,6.0,1,12.0,1,1100,6.0,22.0,Li2CO3,La2O3,0,0,Ta
77,6.8,3.0,1.8,0.0,0.0,0.2,1,10.0,900,12.0,1,10.0,2,1200,12.0,30.0,Li2CO3,La2O3,0,0,Ta
78,6.7,3.0,1.7,0.0,0.0,0.3,1,10.0,900,12.0,1,10.0,2,1200,12.0,30.0,Li2CO3,La2O3,0,0,Ta
79,6.6,3.0,1.6,0.0,0.0,0.4,1,10.0,900,12.0,1,10.0,2,1200,12.0,30.0,Li2CO3,La2O3,0,0,Ta
80,6.5,3.0,1.5,0.0,0.0,0.5,1,10.0,900,12.0,1,10.0,2,1200,12.0,30.0,Li2CO3,La2O3,0,0,Ta
81,6.4,3.0,1.4,0.0,0.0,0.6,1,10.0,900,12.0,1,10.0,2,1200,12.0,30.0,Li2CO3,La2O3,0,0,Ta
82,6.5,3.0,1.3,0.0,0.0,0.7,2,10.0,900,12.0,1,12.0,2,1150,12.0,25.0,Li2CO3,La2O3,0,0,Nb/Gd
83,6.5,3.0,1.5,0.0,0.0,0.5,1,0.0,900,6.0,1,0.0,0,1140,16.0,25.0,Li2CO3,La2O3,0,0,Ta
84,6.5,3.0,1.5,0.0,0.0,0.5,1,10.0,900,6.0,1,,1,1140,16.0,25.0,Li2CO3,La2O3,0,0,Ta
85,6.5,3.0,1.5,0.0,0.0,0.5,1,20.0,900,6.0,1,,1,1140,16.0,25.0,Li2CO3,La2O3,0,0,Ta
86,6.5,3.0,1.5,0.0,0.0,0.5,1,30.0,900,6.0,1,,1,1140,16.0,25.0,Li2CO3,La2O3,0,0,Ta
87,6.5,3.0,1.5,0.0,0.0,0.5,1,40.0,900,6.0,1,,1,1140,16.0,25.0,Li2CO3,La2O3,0,0,Ta
88,6.5,3.0,1.5,0.0,0.0,0.5,1,50.0,900,6.0,1,,1,1140,16.0,25.0,Li2CO3,La2O3,0,0,Ta
89,7.0,3.0,2.0,0.0,0.0,0.0,0,10.0,1000,12.0,1,12.0,1,1100,12.0,25.0,LiOH.H2O,La2O3,0,0,0
90,6.85,3.0,2.0,0.05,0.0,0.0,1,10.0,1000,12.0,1,12.0,1,1100,12.0,25.0,LiOH.H2O,La2O3,Ga,0,0
91,6.7,3.0,2.0,0.1,0.0,0.0,1,10.0,1000,12.0,1,12.0,1,1100,12.0,25.0,LiOH.H2O,La2O3,Ga,0,0
92,6.55,3.0,2.0,0.15,0.0,0.0,1,10.0,1000,12.0,1,12.0,1,1100,12.0,25.0,LiOH.H2O,La2O3,Ga,0,0
93,6.4,3.0,2.0,0.2,0.0,0.0,1,10.0,1000,12.0,1,12.0,1,1100,12.0,25.0,LiOH.H2O,La2O3,Ga,0,0
94,6.25,3.0,2.0,0.25,0.0,0.0,1,10.0,1000,12.0,1,12.0,1,1100,12.0,25.0,LiOH.H2O,La2O3,Ga,0,0
95,6.1,3.0,2.0,0.3,0.0,0.0,1,10.0,1000,12.0,1,12.0,1,1100,12.0,25.0,LiOH.H2O,La2O3,Ga,0,0
96,5.95,3.0,2.0,0.35,0.0,0.0,1,10.0,1000,12.0,1,12.0,1,1100,12.0,25.0,LiOH.H2O,La2O3,Ga,0,0
97,5.8,3.0,2.0,0.4,0.0,0.0,1,10.0,1000,12.0,1,12.0,1,1100,12.0,25.0,LiOH.H2O,La2O3,Ga,0,0
98,6.4,3.0,2.0,0.2,0.0,0.0,1,10.0,1000,12.0,1,12.0,1,1100,12.0,25.0,LiOH.H2O,La2O3,Ga,0,0
99,7.0,3.0,2.0,0.0,0.0,0.0,0,25.0,950,6.0,1,5.0,1,1050,6.0,25.0,Li2CO3,La2O3,0,0,0
100,6.4,3.0,1.4,0.0,0.0,0.6,1,25.0,950,6.0,1,5.0,1,1050,6.0,25.0,Li2CO3,La2O3,0,0,Ta
101,6.4,3.0,1.6,0.067,0.0,0.4,2,25.0,950,6.0,1,5.0,1,1050,6.0,25.0,Li2CO3,La2O3,Ga,0,Ta
102,6.4,3.0,1.6,0.133,0.0,0.2,2,25.0,950,6.0,1,5.0,1,1050,6.0,25.0,Li2CO3,La2O3,Ga,0,Ta
103,6.4,3.0,2.0,0.2,0.0,0.0,1,25.0,950,6.0,1,5.0,1,1050,6.0,25.0,Li2CO3,La2O3,Ga,0,0
104,7.0,3.0,2.0,0.0,0.0,0.0,0,25.0,950,6.0,1,5.0,1,1050,12.0,25.0,Li2CO3,La2O3,0,0,0
105,6.4,3.0,1.4,0.0,0.0,0.6,1,25.0,950,6.0,1,5.0,1,1050,12.0,25.0,Li2CO3,La2O3,0,0,Ta
106,6.4,3.0,1.6,0.067,0.0,0.4,2,25.0,950,6.0,1,5.0,1,1050,12.0,25.0,Li2CO3,La2O3,Ga,0,Ta
107,6.4,3.0,1.6,0.133,0.0,0.2,2,25.0,950,6.0,1,5.0,1,1050,12.0,25.0,Li2CO3,La2O3,Ga,0,Ta
108,6.4,3.0,2.0,0.2,0.0,0.0,1,25.0,950,6.0,1,5.0,1,1050,12.0,25.0,Li2CO3,La2O3,Ga,0,0
109,7.0,3.0,2.0,0.0,0.0,0.0,0,25.0,950,6.0,1,5.0,1,1100,6.0,25.0,Li2CO3,La2O3,0,0,0
110,6.4,3.0,1.4,0.0,0.0,0.6,1,25.0,950,6.0,1,5.0,1,1100,6.0,25.0,Li2CO3,La2O3,0,0,Ta
111,6.4,3.0,1.6,0.067,0.0,0.4,2,25.0,950,6.0,1,5.0,1,1100,6.0,25.0,Li2CO3,La2O3,Ga,0,Ta
112,6.4,3.0,1.6,0.133,0.0,0.2,2,25.0,950,6.0,1,5.0,1,1100,6.0,25.0,Li2CO3,La2O3,Ga,0,Ta
113,6.4,3.0,2.0,0.2,0.0,0.0,1,25.0,950,6.0,1,5.0,1,1100,6.0,25.0,Li2CO3,La2O3,Ga,0,0
114,7.0,3.0,2.0,0.0,0.0,0.0,0,25.0,950,6.0,1,5.0,1,1100,12.0,25.0,Li2CO3,La2O3,0,0,0
115,6.4,3.0,1.4,0.0,0.0,0.6,1,25.0,950,6.0,1,5.0,1,1100,12.0,25.0,Li2CO3,La2O3,0,0,Ta
116,6.4,3.0,1.6,0.067,0.0,0.4,2,25.0,950,6.0,1,5.0,1,1100,12.0,25.0,Li2CO3,La2O3,Ga,0,Ta
117,6.4,3.0,1.6,0.133,0.0,0.2,2,25.0,950,6.0,1,5.0,1,1100,12.0,25.0,Li2CO3,La2O3,Ga,0,Ta
118,6.4,3.0,2.0,0.2,0.0,0.0,1,25.0,950,6.0,1,5.0,1,1100,12.0,25.0,Li2CO3,La2O3,Ga,0,0
119,7.0,3.0,2.0,0.0,0.0,0.0,0,10.0,900,6.0,1,,1,1200,24.0,27.0,Li2CO3,La(OH)3,0,0,0
120,6.75,3.0,1.75,0.0,0.0,0.25,1,10.0,900,6.0,1,,1,1100,15.0,27.0,Li2CO3,La(OH)3,0,0,Ta
121,6.5,3.0,1.5,0.0,0.0,0.5,1,10.0,900,6.0,1,,1,1100,15.0,27.0,Li2CO3,La(OH)3,0,0,Ta
122,6.0,3.0,1.0,0.0,0.0,1.0,1,10.0,900,6.0,1,,1,1100,15.0,27.0,Li2CO3,La(OH)3,0,0,Ta
123,7.0,3.0,2.0,0.0,0.0,0.0,0,10.0,900,6.0,1,6.0,2,1230,1.0,30.0,LiOH,La2O3,0,0,0
124,6.8,3.0,1.8,0.0,0.0,0.2,1,10.0,900,6.0,1,6.0,2,1230,1.0,30.0,LiOH,La2O3,0,0,Ta
125,6.6,3.0,1.6,0.0,0.0,0.4,1,10.0,900,6.0,1,6.0,2,1230,1.0,30.0,LiOH,La2O3,0,0,Ta
126,6.4,3.0,1.4,0.0,0.0,0.6,1,10.0,900,6.0,1,6.0,2,1230,1.0,30.0,LiOH,La2O3,0,0,Ta
127,6.2,3.0,1.2,0.0,0.0,0.8,1,10.0,900,6.0,1,6.0,2,1230,1.0,30.0,LiOH,La2O3,0,0,Ta
128,6.0,3.0,1.0,0.0,0.0,1.0,1,10.0,900,6.0,1,6.0,2,1230,1.0,30.0,LiOH,La2O3,0,0,Ta
129,7.0,3.0,2.0,0.0,0.0,0.0,0,15.0,800,6.0,1,12.0,1,1100,12.0,21.0,Li2CO3,La2O3,0,0,0
130,6.75,3.0,1.75,0.0,0.0,0.25,1,15.0,800,6.0,1,12.0,1,1100,12.0,21.0,Li2CO3,La2O3,0,0,Nb
131,6.5,3.0,1.5,0.0,0.0,0.5,1,15.0,800,6.0,1,12.0,1,1100,12.0,21.0,Li2CO3,La2O3,0,0,Nb
132,6.25,3.0,1.25,0.0,0.0,0.75,1,15.0,800,6.0,1,12.0,1,1100,12.0,21.0,Li2CO3,La2O3,0,0,Nb
133,6.0,3.0,1.0,0.0,0.0,1.0,1,15.0,800,6.0,1,12.0,1,1100,12.0,21.0,Li2CO3,La2O3,0,0,Nb
134,6.25,3.0,2.0,0.25,0.0,0.0,1,5.0,800,12.0,1,,2,1000,12.0,25.0,Li2CO3,La(OH)3,Ga,0,0
135,6.3,2.95,2.0,0.25,0.05,0.0,2,5.0,800,12.0,1,,2,1000,12.0,25.0,Li2CO3,La(OH)3,Ga,Sr,0
136,6.35,2.9,2.0,0.25,0.1,0.0,2,5.0,800,12.0,1,,2,1000,12.0,25.0,Li2CO3,La(OH)3,Ga,Sr,0
137,6.4,2.85,2.0,0.25,0.15,0.0,2,5.0,800,12.0,1,,2,1000,12.0,25.0,Li2CO3,La(OH)3,Ga,Sr,0
138,6.45,2.8,2.0,0.25,0.2,0.0,2,5.0,800,12.0,1,,2,1000,12.0,25.0,Li2CO3,La(OH)3,Ga,Sr,0
139,6.55,2.7,2.0,0.25,0.3,0.0,2,5.0,800,12.0,1,,2,1000,12.0,25.0,Li2CO3,La(OH)3,Ga,Sr,0
140,6.65,2.6,2.0,0.25,0.4,0.0,2,5.0,800,12.0,1,,2,1000,12.0,25.0,Li2CO3,La(OH)3,Ga,Sr,0
141,6.75,2.5,2.0,0.25,0.5,0.0,2,5.0,800,12.0,1,,2,1000,12.0,25.0,Li2CO3,La(OH)3,Ga,Sr,0
142,6.4,3.0,2.0,0.2,0.0,0.0,1,10.0,1000,6.0,2,12.0,2,1200,18.0,25.0,Li2CO3,La2O3,Ga,0,0
143,6.4,2.8,2.0,0.2,0.125,0.0,2,10.0,1000,6.0,2,12.0,2,1200,18.0,25.0,Li2CO3,La2O3,Ga,Y,0
144,6.4,2.75,2.0,0.2,0.25,0.0,2,10.0,1000,6.0,2,12.0,2,1200,18.0,25.0,Li2CO3,La2O3,Ga,Y,0
145,6.4,2.5,2.0,0.2,0.5,0.0,2,10.0,1000,6.0,2,12.0,2,1200,18.0,25.0,Li2CO3,La2O3,Ga,Y,0
146,6.4,3.0,2.0,0.2,0.0,0.0,1,5.0,850,6.0,1,12.0,2,1100,2.0,27.0,LiOH.H2O,La2O3,Ga,0,0
147,6.4,3.0,2.0,0.2,0.0,0.0,1,5.0,850,6.0,2,12.0,2,950,3.0,27.0,LiOH.H2O,La2O3,Ga,0,0
148,6.4,3.0,2.0,0.2,0.0,0.0,1,5.0,850,6.0,2,12.0,2,975,3.0,27.0,LiOH.H2O,La2O3,Ga,0,0
149,6.4,3.0,2.0,0.2,0.0,0.0,1,5.0,850,6.0,2,12.0,2,1000,3.0,27.0,LiOH.H2O,La2O3,Ga,0,0
150,6.4,3.0,2.0,0.2,0.0,0.0,1,5.0,850,6.0,2,12.0,2,1025,3.0,27.0,LiOH.H2O,La2O3,Ga,0,0
151,6.4,3.0,2.0,0.2,0.0,0.0,1,5.0,850,6.0,2,12.0,2,1050,3.0,27.0,LiOH.H2O,La2O3,Ga,0,0
152,7.0,3.0,2.0,0.0,0.0,0.0,0,10.0,900,,2,12.0,1,1230,36.0,18.0,LiOH,La2O3,0,0,0
153,6.6,3.0,1.6,0.0,0.0,0.4,1,15.0,900,6.0,1,12.0,2,1230,1.0,25.0,Li2CO3,La2O3,0,0,Ta
154,6.62,2.98,1.6,0.0,0.02,0.4,2,15.0,900,6.0,1,12.0,2,1230,1.0,25.0,Li2CO3,La2O3,0,Ba,Ta
155,6.64,2.96,1.6,0.0,0.04,0.4,2,15.0,900,6.0,1,12.0,2,1230,1.0,25.0,Li2CO3,La2O3,0,Ba,Ta
156,6.66,2.94,1.6,0.0,0.06,0.4,2,15.0,900,6.0,1,12.0,2,1230,1.0,25.0,Li2CO3,La2O3,0,Ba,Ta
157,6.68,2.92,1.6,0.0,0.08,0.4,2,15.0,900,6.0,1,12.0,2,1230,1.0,25.0,Li2CO3,La2O3,0,Ba,Ta
158,6.4,3.0,1.4,0.0,0.0,0.6,1,15.0,900,6.0,1,12.0,2,1230,1.0,25.0,Li2CO3,La2O3,0,0,Ta
159,6.42,2.98,1.4,0.0,0.02,0.6,2,15.0,900,6.0,1,12.0,2,1230,1.0,25.0,Li2CO3,La2O3,0,Ba,Ta
160,6.44,2.96,1.4,0.0,0.04,0.6,2,15.0,900,6.0,1,12.0,2,1230,1.0,25.0,Li2CO3,La2O3,0,Ba,Ta
161,6.46,2.94,1.4,0.0,0.06,0.6,2,15.0,900,6.0,1,12.0,2,1230,1.0,25.0,Li2CO3,La2O3,0,Ba,Ta
162,6.48,2.92,1.4,0.0,0.08,0.6,2,15.0,900,6.0,1,12.0,2,1230,1.0,25.0,Li2CO3,La2O3,0,Ba,Ta
163,6.6,3.0,1.6,0.0,0.0,0.4,1,10.0,900,6.0,1,2.0,2,1100,12.0,25.0,LiOH.H2O,La2O3,0,0,Sb
164,6.62,2.98,1.6,0.0,0.02,0.4,2,10.0,900,6.0,1,2.0,2,1100,12.0,25.0,LiOH.H2O,La2O3,0,Sr,Sb
165,6.66,2.94,1.6,0.0,0.06,0.4,2,10.0,900,6.0,1,2.0,2,1100,12.0,25.0,LiOH.H2O,La2O3,0,Sr,Sb
166,6.7,2.9,1.6,0.0,0.1,0.4,2,10.0,900,6.0,1,2.0,2,1100,12.0,25.0,LiOH.H2O,La2O3,0,Sr,Sb
167,6.75,2.85,1.6,0.0,0.15,0.4,2,10.0,900,6.0,1,2.0,2,1100,12.0,25.0,LiOH.H2O,La2O3,0,Sr,Sb
168,6.8,2.8,1.6,0.0,0.2,0.4,2,10.0,900,6.0,1,2.0,2,1100,12.0,25.0,LiOH.H2O,La2O3,0,Sr,Sb
169,7.06,2.94,2.0,0.0,0.06,0.0,1,10.0,900,6.0,1,2.0,2,1100,12.0,25.0,LiOH.H2O,La2O3,0,Sr,0
170,,,,,,,1,0.0,900,6.0,1,0.0,0,1000,36.0,30.0,LiOH,La(OH)3,,,
171,7.0,3.0,2.0,0.0,0.0,0.0,0,2.0,950,12.0,1,24.0,2,1250,0.667,25.0,LiOH.H2O,La2O3,0,0,0
172,6.04,3.0,2.0,0.32,0.0,0.0,1,2.0,950,12.0,1,24.0,1,1250,0.667,25.0,LiOH.H2O,La2O3,Al,0,0
173,5.92,3.0,2.0,0.36,0.0,0.0,1,2.0,950,12.0,1,24.0,1,1250,0.667,25.0,LiOH.H2O,La2O3,Al,0,0
174,5.8,3.0,2.0,0.4,0.0,0.0,1,2.0,950,12.0,1,24.0,1,1250,0.667,25.0,LiOH.H2O,La2O3,Al,0,0
175,6.4,3.0,2.0,0.2,0.0,0.0,1,10.0,900,6.0,1,12.0,1,1200,12.0,25.0,LiO2,La2O3,Al,0,0
176,6.4,3.0,2.0,0.2,0.0,0.0,1,10.0,900,6.0,1,12.0,1,1200,12.0,25.0,LiO2,La2O3,Fe,0,0
177,6.4,3.0,2.0,0.2,0.0,0.0,1,10.0,900,6.0,1,12.0,1,1200,18.0,25.0,LiO2,La2O3,Ga,0,0
178,6.6,0.0,0.4,0.0,0.0,0.4,1,15.0,750,6.0,1,6.0,1,1200,18.0,25.0,LiNO3,La2O3,0,0,Ta
179,6.6,2.875,0.4,0.0,0.125,0.4,2,15.0,750,6.0,1,6.0,1,1200,18.0,25.0,LiNO3,La2O3,0,Y,Ta
180,6.6,2.75,0.4,0.0,0.25,0.4,2,15.0,750,6.0,1,6.0,1,1200,18.0,25.0,LiNO3,La2O3,0,Y,Ta
181,6.6,2.5,0.4,0.0,0.5,0.4,2,15.0,750,6.0,1,6.0,1,1200,18.0,25.0,LiNO3,La2O3,0,Y,Ta
182,6.75,3.0,1.75,0.0,0.0,0.25,1,10.0,950,12.0,1,,1,1200,36.0,25.0,Li2CO3,La(OH)3,0,0,Nb
183,7.0,3.0,2.0,0.0,0.0,0.0,0,10.0,900,12.0,1,0.0,0,1230,36.0,25.0,Li2CO3,La2O3,0,0,0
184,6.8,3.0,1.8,0.0,0.0,0.2,1,10.0,900,12.0,1,0.0,0,1140,16.0,25.0,Li2CO3,La2O3,0,0,Ta
185,6.6,3.0,1.6,0.0,0.0,0.4,1,10.0,900,12.0,1,0.0,0,1140,16.0,25.0,Li2CO3,La2O3,0,0,Ta
186,6.2,3.0,1.2,0.0,0.0,0.8,1,10.0,900,12.0,1,0.0,0,1120,8.0,25.0,Li2CO3,La2O3,0,0,Ta
187,6.0,3.0,1.0,0.0,0.0,1.0,1,10.0,900,12.0,1,0.0,0,1120,8.0,25.0,Li2CO3,La2O3,0,0,Ta
188,,,,,,,1,10.0,950,6.0,1,,1,1000,9.0,25.0,Li2CO3,La2O3,,,
189,,,,,,,1,10.0,950,6.0,1,,1,1100,9.0,25.0,Li2CO3,La2O3,,,
190,,,,,,,2,10.0,950,6.0,1,,1,1000,9.0,25.0,Li2CO3,La2O3,,,
191,,,,,,,2,10.0,950,6.0,1,,1,1100,9.0,25.0,Li2CO3,La2O3,,,
192,,,,,,,2,10.0,950,6.0,1,,1,1000,9.0,25.0,Li2CO3,La2O3,,,
193,,,,,,,2,10.0,950,6.0,1,,1,1100,9.0,25.0,Li2CO3,La2O3,,,
194,6.8,3.0,1.8,0.0,0.0,0.2,1,20.0,750,6.0,1,6.0,2,1100,24.0,30.0,LiOH.H2O,La2O3,0,0,Sb
195,6.6,3.0,1.6,0.0,0.0,0.4,1,20.0,750,6.0,1,6.0,2,1100,24.0,30.0,LiOH.H2O,La2O3,0,0,Sb
196,6.4,3.0,1.4,0.0,0.0,0.6,1,20.0,750,6.0,1,6.0,2,1100,24.0,30.0,LiOH.H2O,La2O3,0,0,Sb
197,6.2,3.0,1.2,0.0,0.0,0.8,1,20.0,750,6.0,1,6.0,2,1100,24.0,30.0,LiOH.H2O,La2O3,0,0,Sb
198,6.0,3.0,1.0,0.0,0.0,1.0,1,20.0,750,6.0,1,6.0,2,1100,24.0,30.0,LiOH.H2O,La2O3,0,0,Sb
199,6.5,3.0,1.75,0.0,0.0,0.25,1,0.0,800,12.0,1,12.0,2,1150,12.0,25.0,LiOH.H2O,La2O3,0,0,Te
200,6.0,3.0,1.5,0.0,0.0,0.5,1,0.0,800,12.0,1,12.0,2,1150,12.0,25.0,LiOH.H2O,La2O3,0,0,Te
201,5.5,3.0,1.25,0.0,0.0,0.75,1,0.0,800,12.0,1,12.0,2,1150,12.0,25.0,LiOH.H2O,La2O3,0,0,Te
202,5.0,3.0,1.0,0.0,0.0,1.0,1,0.0,800,12.0,1,12.0,2,1150,12.0,25.0,LiOH.H2O,La2O3,0,0,Te
203,6.4,3.0,1.7,0.0,0.0,0.3,1,15.0,750,6.0,1,6.0,2,1100,36.0,30.0,LiOH.H2O,La2O3,0,0,W
204,6.0,3.0,1.5,0.0,0.0,0.5,1,15.0,750,6.0,1,6.0,2,1100,36.0,30.0,LiOH.H2O,La2O3,0,0,W
205,7.06,3.0,1.94,0.0,0.0,0.06,1,10.0,900,12.0,2,6.0,2,1200,16.0,25.0,LiOH,La2O3,0,0,Y
206,6.5,3.0,1.5,0.0,0.0,0.5,1,10.0,850,6.0,1,24.0,2,1100,6.0,25.0,Li2CO3,La2O3,0,0,Nb
207,6.52,3.0,2.0,0.16,0.0,0.0,1,2.0,850,12.0,1,12.0,2,1050,10.6,25.0,LiOH.H2O,La2O3,Ga,0,0
208,6.52,3.0,2.0,0.16,0.0,0.0,1,2.0,850,12.0,1,12.0,2,1100,5.3,25.0,LiOH.H2O,La2O3,Ga,0,0
209,6.52,3.0,2.0,0.16,0.0,0.0,1,2.0,850,12.0,1,12.0,2,1150,2.6,25.0,LiOH.H2O,La2O3,Ga,0,0
210,6.4,3.0,2.0,0.2,0.0,0.0,1,2.0,850,12.0,1,12.0,2,1050,10.6,25.0,LiOH.H2O,La2O3,Ga,0,0
211,6.4,3.0,2.0,0.2,0.0,0.0,1,2.0,850,12.0,1,12.0,2,1100,5.3,25.0,LiOH.H2O,La2O3,Ga,0,0
212,6.4,3.0,2.0,0.2,0.0,0.0,1,2.0,850,12.0,1,12.0,2,1150,2.6,25.0,LiOH.H2O,La2O3,Ga,0,0
213,6.52,3.0,2.0,0.16,0.0,0.0,1,2.0,850,12.0,1,12.0,2,1050,10.6,25.0,LiOH.H2O,La2O3,Ga,0,0
214,6.52,3.0,2.0,0.16,0.0,0.0,1,2.0,850,12.0,1,12.0,2,1100,5.3,25.0,LiOH.H2O,La2O3,Ga,0,0
215,6.52,3.0,2.0,0.16,0.0,0.0,1,2.0,850,12.0,1,12.0,2,1150,2.6,25.0,LiOH.H2O,La2O3,Ga,0,0
216,6.4,3.0,2.0,0.2,0.0,0.0,1,2.0,850,12.0,1,12.0,2,1050,10.6,25.0,LiOH.H2O,La2O3,Ga,0,0
217,6.4,3.0,2.0,0.2,0.0,0.0,1,2.0,850,12.0,1,12.0,2,1100,5.3,25.0,LiOH.H2O,La2O3,Ga,0,0
218,6.4,3.0,2.0,0.2,0.0,0.0,1,2.0,850,12.0,1,12.0,2,1150,2.6,25.0,LiOH.H2O,La2O3,Ga,0,0
219,6.52,3.0,2.0,0.16,0.0,0.0,1,2.0,850,12.0,1,12.0,2,1050,10.6,25.0,LiOH.H2O,La2O3,Ga,0,0
220,6.52,3.0,2.0,0.16,0.0,0.0,1,2.0,850,12.0,1,12.0,2,1100,5.3,25.0,LiOH.H2O,La2O3,Ga,0,0
221,6.52,3.0,2.0,0.16,0.0,0.0,1,2.0,850,12.0,1,12.0,2,1150,2.6,25.0,LiOH.H2O,La2O3,Ga,0,0
222,6.4,3.0,2.0,0.2,0.0,0.0,1,2.0,850,12.0,1,12.0,2,1050,10.6,25.0,LiOH.H2O,La2O3,Ga,0,0
223,6.4,3.0,2.0,0.2,0.0,0.0,1,2.0,850,12.0,1,12.0,2,1100,5.3,25.0,LiOH.H2O,La2O3,Ga,0,0
224,6.4,3.0,2.0,0.2,0.0,0.0,1,2.0,850,12.0,1,12.0,2,1150,2.6,25.0,LiOH.H2O,La2O3,Ga,0,0
225,5.8,2.9,1.4,0.2,0.1,0.6,3,20.0,900,6.0,1,5.0,2,1180,10.0,25.0,Li2CO3,La2O3,Ga,Y,Ta
226,5.8,2.95,1.4,0.2,0.05,0.6,3,20.0,900,6.0,1,5.0,2,1180,10.0,25.0,Li2CO3,La2O3,Ga,Y,Ta
227,5.8,3.0,1.4,0.2,0.0,0.6,2,20.0,900,6.0,1,5.0,2,1180,10.0,25.0,Li2CO3,La2O3,Ga,0,Ta
228,6.1,3.0,1.4,0.1,0.0,0.6,2,20.0,900,6.0,1,5.0,2,1180,10.0,25.0,Li2CO3,La2O3,Ga,0,Ta
