fold,role,record_id
0,fit,3
0,fit,4
0,fit,5
0,fit,6
0,fit,7
0,fit,9
0,fit,10
0,fit,13
0,fit,14
0,fit,15
0,fit,16
0,fit,19
0,fit,21
0,fit,23
0,fit,25
0,fit,26
0,fit,27
0,fit,31
0,fit,33
0,fit,34
0,fit,35
0,fit,36
0,fit,37
0,fit,39
0,fit,41
0,fit,42
0,fit,43
0,fit,44
0,fit,46
0,fit,47
0,fit,48
0,fit,50
0,fit,51
0,fit,52
0,fit,54
0,fit,55
0,fit,56
0,fit,57
0,fit,58
0,fit,59
0,fit,60
0,fit,61
0,fit,62
0,fit,63
0,fit,64
0,fit,71
0,fit,72
0,fit,74
0,fit,75
0,fit,76
0,fit,78
0,fit,80
0,fit,81
0,fit,82
0,fit,83
0,fit,84
0,fit,85
0,fit,86
0,fit,87
0,fit,88
0,fit,89
0,fit,90
0,fit,91
0,fit,92
0,fit,94
0,fit,95
0,fit,96
0,fit,97
0,fit,98
0,fit,102
0,fit,103
0,fit,105
0,fit,106
0,fit,108
0,fit,109
0,fit,110
0,fit,112
0,fit,113
0,fit,114
0,fit,116
0,fit,118
0,fit,119
0,fit,120
0,fit,121
0,fit,122
0,fit,123
0,fit,124
0,fit,125
0,fit,126
0,fit,134
0,fit,136
0,fit,137
0,fit,138
0,fit,140
0,fit,141
0,fit,142
0,fit,143
0,fit,144
0,fit,145
0,fit,163
0,fit,164
0,fit,165
0,fit,166
0,fit,167
0,fit,168
0,fit,169
0,fit,171
0,fit,172
0,fit,173
0,fit,174
0,fit,175
0,fit,176
0,fit,177
0,fit,179
0,fit,180
0,fit,181
0,fit,182
0,fit,194
0,fit,195
0,fit,197
0,fit,198
0,fit,199
0,fit,200
0,fit,201
0,fit,202
0,fit,206
0,fit,208
0,fit,209
0,fit,210
0,fit,211
0,fit,213
0,fit,215
0,fit,216
0,fit,217
0,fit,218
0,fit,219
0,fit,220
0,fit,221
0,fit,222
0,fit,223
0,validation,2
0,validation,11
0,validation,12
0,validation,20
0,validation,22
0,validation,24
0,validation,28
0,validation,29
0,validation,32
0,validation,40
0,validation,45
0,validation,49
0,validation,53
0,validation,73
0,validation,77
0,validation,79
0,validation,93
0,validation,99
0,validation,100
0,validation,101
0,validation,104
0,validation,107
0,validation,111
0,validation,115
0,validation,117
0,validation,127
0,validation,128
0,validation,135
0,validation,139
0,validation,178
0,validation,196
0,validation,207
0,validation,212
0,validation,214
0,validation,224
1,fit,2
1,fit,4
1,fit,6
1,fit,7
1,fit,10
1,fit,11
1,fit,12
1,fit,13
1,fit,14
1,fit,15
1,fit,16
1,fit,20
1,fit,21
1,fit,22
1,fit,23
1,fit,24
1,fit,25
1,fit,27
1,fit,28
1,fit,29
1,fit,31
1,fit,32
1,fit,33
1,fit,34
1,fit,35
1,fit,36
1,fit,37
1,fit,39
1,fit,40
1,fit,41
1,fit,43
1,fit,44
1,fit,45
1,fit,47
1,fit,49
1,fit,50
1,fit,51
1,fit,52
1,fit,53
1,fit,54
1,fit,55
1,fit,56
1,fit,57
1,fit,58
1,fit,59
1,fit,60
1,fit,61
1,fit,62
1,fit,71
1,fit,72
1,fit,73
1,fit,74
1,fit,75
1,fit,77
1,fit,78
1,fit,79
1,fit,80
1,fit,81
1,fit,82
1,fit,83
1,fit,84
1,fit,85
1,fit,86
1,fit,87
1,fit,89
1,fit,90
1,fit,91
1,fit,92
1,fit,93
1,fit,95
1,fit,96
1,fit,97
1,fit,99
1,fit,100
1,fit,101
1,fit,102
1,fit,103
1,fit,104
1,fit,105
1,fit,106
1,fit,107
1,fit,110
1,fit,111
1,fit,114
1,fit,115
1,fit,116
1,fit,117
1,fit,118
1,fit,120
1,fit,122
1,fit,123
1,fit,124
1,fit,125
1,fit,126
1,fit,127
1,fit,128
1,fit,134
1,fit,135
1,fit,138
1,fit,139
1,fit,140
1,fit,142
1,fit,145
1,fit,164
1,fit,166
1,fit,167
1,fit,168
1,fit,169
1,fit,171
1,fit,172
1,fit,174
1,fit,176
1,fit,177
1,fit,178
1,fit,179
1,fit,181
1,fit,182
1,fit,195
1,fit,196
1,fit,197
1,fit,200
1,fit,201
1,fit,202
1,fit,206
1,fit,207
1,fit,208
1,fit,211
1,fit,212
1,fit,213
1,fit,214
1,fit,215
1,fit,216
1,fit,217
1,fit,218
1,fit,219
1,fit,220
1,fit,221
1,fit,222
1,fit,223
1,fit,224
1,validation,3
1,validation,5
1,validation,9
1,validation,19
1,validation,26
1,validation,42
1,validation,46
1,validation,48
1,validation,63
1,validation,64
1,validation,76
1,validation,88
1,validation,94
1,validation,98
1,validation,108
1,validation,109
1,validation,112
1,validation,113
1,validation,119
1,validation,121
1,validation,136
1,validation,137
1,validation,141
1,validation,143
1,validation,144
1,validation,163
1,validation,165
1,validation,173
1,validation,175
1,validation,180
1,validation,194
1,validation,198
1,validation,199
1,validation,209
1,validation,210
2,fit,2
2,fit,3
2,fit,4
2,fit,5
2,fit,6
2,fit,7
2,fit,9
2,fit,11
2,fit,12
2,fit,13
2,fit,14
2,fit,15
2,fit,16
2,fit,19
2,fit,20
2,fit,21
2,fit,22
2,fit,23
2,fit,24
2,fit,25
2,fit,26
2,fit,27
2,fit,28
2,fit,29
2,fit,32
2,fit,33
2,fit,34
2,fit,35
2,fit,37
2,fit,39
2,fit,40
2,fit,41
2,fit,42
2,fit,43
2,fit,45
2,fit,46
2,fit,48
2,fit,49
2,fit,51
2,fit,52
2,fit,53
2,fit,54
2,fit,56
2,fit,57
2,fit,58
2,fit,59
2,fit,60
2,fit,61
2,fit,62
2,fit,63
2,fit,64
2,fit,72
2,fit,73
2,fit,74
2,fit,75
2,fit,76
2,fit,77
2,fit,79
2,fit,81
2,fit,85
2,fit,86
2,fit,88
2,fit,89
2,fit,90
2,fit,92
2,fit,93
2,fit,94
2,fit,96
2,fit,98
2,fit,99
2,fit,100
2,fit,101
2,fit,104
2,fit,105
2,fit,107
2,fit,108
2,fit,109
2,fit,111
2,fit,112
2,fit,113
2,fit,115
2,fit,116
2,fit,117
2,fit,119
2,fit,120
2,fit,121
2,fit,122
2,fit,123
2,fit,124
2,fit,125
2,fit,126
2,fit,127
2,fit,128
2,fit,135
2,fit,136
2,fit,137
2,fit,138
2,fit,139
2,fit,140
2,fit,141
2,fit,142
2,fit,143
2,fit,144
2,fit,145
2,fit,163
2,fit,165
2,fit,166
2,fit,167
2,fit,169
2,fit,171
2,fit,172
2,fit,173
2,fit,174
2,fit,175
2,fit,177
2,fit,178
2,fit,179
2,fit,180
2,fit,181
2,fit,182
2,fit,194
2,fit,196
2,fit,197
2,fit,198
2,fit,199
2,fit,202
2,fit,206
2,fit,207
2,fit,208
2,fit,209
2,fit,210
2,fit,212
2,fit,213
2,fit,214
2,fit,215
2,fit,216
2,fit,219
2,fit,220
2,fit,223
2,fit,224
2,validation,10
2,validation,31
2,validation,36
2,validation,44
2,validation,47
2,validation,50
2,validation,55
2,validation,71
2,validation,78
2,validation,80
2,validation,82
2,validation,83
2,validation,84
2,validation,87
2,validation,91
2,validation,95
2,validation,97
2,validation,102
2,validation,103
2,validation,106
2,validation,110
2,validation,114
2,validation,118
2,validation,134
2,validation,164
2,validation,168
2,validation,176
2,validation,195
2,validation,200
2,validation,201
2,validation,211
2,validation,217
2,validation,218
2,validation,221
2,validation,222
3,fit,2
3,fit,3
3,fit,5
3,fit,7
3,fit,9
3,fit,10
3,fit,11
3,fit,12
3,fit,15
3,fit,19
3,fit,20
3,fit,21
3,fit,22
3,fit,23
3,fit,24
3,fit,26
3,fit,28
3,fit,29
3,fit,31
3,fit,32
3,fit,33
3,fit,34
3,fit,35
3,fit,36
3,fit,37
3,fit,40
3,fit,41
3,fit,42
3,fit,44
3,fit,45
3,fit,46
3,fit,47
3,fit,48
3,fit,49
3,fit,50
3,fit,53
3,fit,54
3,fit,55
3,fit,58
3,fit,60
3,fit,61
3,fit,62
3,fit,63
3,fit,64
3,fit,71
3,fit,72
3,fit,73
3,fit,75
3,fit,76
3,fit,77
3,fit,78
3,fit,79
3,fit,80
3,fit,81
3,fit,82
3,fit,83
3,fit,84
3,fit,85
3,fit,87
3,fit,88
3,fit,91
3,fit,93
3,fit,94
3,fit,95
3,fit,96
3,fit,97
3,fit,98
3,fit,99
3,fit,100
3,fit,101
3,fit,102
3,fit,103
3,fit,104
3,fit,105
3,fit,106
3,fit,107
3,fit,108
3,fit,109
3,fit,110
3,fit,111
3,fit,112
3,fit,113
3,fit,114
3,fit,115
3,fit,116
3,fit,117
3,fit,118
3,fit,119
3,fit,120
3,fit,121
3,fit,125
3,fit,126
3,fit,127
3,fit,128
3,fit,134
3,fit,135
3,fit,136
3,fit,137
3,fit,138
3,fit,139
3,fit,141
3,fit,142
3,fit,143
3,fit,144
3,fit,145
3,fit,163
3,fit,164
3,fit,165
3,fit,166
3,fit,167
3,fit,168
3,fit,169
3,fit,171
3,fit,173
3,fit,174
3,fit,175
3,fit,176
3,fit,178
3,fit,180
3,fit,194
3,fit,195
3,fit,196
3,fit,197
3,fit,198
3,fit,199
3,fit,200
3,fit,201
3,fit,207
3,fit,209
3,fit,210
3,fit,211
3,fit,212
3,fit,213
3,fit,214
3,fit,215
3,fit,217
3,fit,218
3,fit,221
3,fit,222
3,fit,224
3,validation,4
3,validation,6
3,validation,13
3,validation,14
3,validation,16
3,validation,25
3,validation,27
3,validation,39
3,validation,43
3,validation,51
3,validation,52
3,validation,56
3,validation,57
3,validation,59
3,validation,74
3,validation,86
3,validation,89
3,validation,90
3,validation,92
3,validation,122
3,validation,123
3,validation,124
3,validation,140
3,validation,172
3,validation,177
3,validation,179
3,validation,181
3,validation,182
3,validation,202
3,validation,206
3,validation,208
3,validation,216
3,validation,219
3,validation,220
3,validation,223
4,fit,2
4,fit,3
4,fit,4
4,fit,5
4,fit,6
4,fit,9
4,fit,10
4,fit,11
4,fit,12
4,fit,13
4,fit,14
4,fit,16
4,fit,19
4,fit,20
4,fit,22
4,fit,24
4,fit,25
4,fit,26
4,fit,27
4,fit,28
4,fit,29
4,fit,31
4,fit,32
4,fit,36
4,fit,39
4,fit,40
4,fit,42
4,fit,43
4,fit,44
4,fit,45
4,fit,46
4,fit,47
4,fit,48
4,fit,49
4,fit,50
4,fit,51
4,fit,52
4,fit,53
4,fit,55
4,fit,56
4,fit,57
4,fit,59
4,fit,63
4,fit,64
4,fit,71
4,fit,73
4,fit,74
4,fit,76
4,fit,77
4,fit,78
4,fit,79
4,fit,80
4,fit,82
4,fit,83
4,fit,84
4,fit,86
4,fit,87
4,fit,88
4,fit,89
4,fit,90
4,fit,91
4,fit,92
4,fit,93
4,fit,94
4,fit,95
4,fit,97
4,fit,98
4,fit,99
4,fit,100
4,fit,101
4,fit,102
4,fit,103
4,fit,104
4,fit,106
4,fit,107
4,fit,108
4,fit,109
4,fit,110
4,fit,111
4,fit,112
4,fit,113
4,fit,114
4,fit,115
4,fit,117
4,fit,118
4,fit,119
4,fit,121
4,fit,122
4,fit,123
4,fit,124
4,fit,127
4,fit,128
4,fit,134
4,fit,135
4,fit,136
4,fit,137
4,fit,139
4,fit,140
4,fit,141
4,fit,143
4,fit,144
4,fit,163
4,fit,164
4,fit,165
4,fit,168
4,fit,172
4,fit,173
4,fit,175
4,fit,176
4,fit,177
4,fit,178
4,fit,179
4,fit,180
4,fit,181
4,fit,182
4,fit,194
4,fit,195
4,fit,196
4,fit,198
4,fit,199
4,fit,200
4,fit,201
4,fit,202
4,fit,206
4,fit,207
4,fit,208
4,fit,209
4,fit,210
4,fit,211
4,fit,212
4,fit,214
4,fit,216
4,fit,217
4,fit,218
4,fit,219
4,fit,220
4,fit,221
4,fit,222
4,fit,223
4,fit,224
4,validation,7
4,validation,15
4,validation,21
4,validation,23
4,validation,33
4,validation,34
4,validation,35
4,validation,37
4,validation,41
4,validation,54
4,validation,58
4,validation,60
4,validation,61
4,validation,62
4,validation,72
4,validation,75
4,validation,81
4,validation,85
4,validation,96
4,validation,105
4,validation,116
4,validation,120
4,validation,125
4,validation,126
4,validation,138
4,validation,142
4,validation,145
4,validation,166
4,validation,167
4,validation,169
4,validation,171
4,validation,174
4,validation,197
4,validation,213
4,validation,215
