feature,importance,rank
Li_comp,0.13615152659110868,1
Sintering Temperature,0.07342363596584078,2
Li_site_sto,0.06957687815985626,3
Sintering Time,0.06746335040197433,4
Zr_site_sto,0.054583835942393334,5
Ball milling time,0.05319552026208867,6
Zr_comp,0.049630203912100546,7
%excess Li,0.046549091358129305,8
1st Calcination Temp,0.04609587715593494,9
# of Dopants,0.028406048724221287,10
La_comp,0.02711303072735375,11
Measurement Temperature,0.026795414951213035,12
# of ball milling,0.026396696187183436,13
La_site_sto,0.025201643938895058,14
Zr_site_A,0.02354565280900332,15
Zr_site_elnv,0.02060064233490476,16
Zr_site_irad,0.020592773182874297,17
Li_site_elnv,0.020128387683392885,18
1st Calcination Time,0.020100677638621132,19
Li Precursor_Li2CO3,0.019452149669086916,20
La_site_A,0.012700267385749637,21
# of calcinations,0.01246605040467125,22
Zr_dop_0,0.010920885240123416,23
Li_dop_Ga,0.009909048024625186,24
Li_dop_Al,0.009081207901590137,25
Li Precursor_LiOH.H2O,0.008629312715241833,26
Li_dop_0,0.008088986067398139,27
La Precursor_La(OH)3,0.00783419519165669,28
Zr_dop_Ta,0.007768993130891829,29
Li Precursor_LiOH,0.006694309134914501,30
La_dop_0,0.006136868769265789,31
La Precursor_La2O3,0.0054109027291300345,32
La_dop_Sr,0.003863456589729511,33
Zr_dop_W,0.0038517633727968106,34
Li_dop_Al/Ga,0.0035486404850162408,35
La_dop_Y,0.0034227228601822015,36
Zr_dop_Sb,0.0033228081126021438,37
Zr_dop_Nb,0.0032359010880565853,38
Zr_dop_Te,0.002546708794489909,39
Zr_dop_Mg,0.0022730909962414684,40
Li Precursor_LiO2,0.0022038747823502555,41
La_dop_Ba,0.0021852923469429207,42
Zr_dop_Y,0.0018584673350099173,43
Zr_dop_Nb/Y,0.0016395869671626557,44
Zr_dop_Sc,0.0010835459705879034,45
Li Precursor_LiNO3,0.0008457778954389557,46
Li_dop_Zn,0.0007840817527002005,47
Zr_dop_Ti,0.0007632695218227498,48
Zr_dop_Nb/Gd,0.00064975494190071,49
Zr_dop_2,0.0004119155392426953,50
Zr_dop_Ta/Nb/Y,0.0003493089362623806,51
Li_dop_Fe,0.0003442412176990591,52
Zr_dop_Gd,0.00016146790114220552,53
Zr_dop_Sm,1.0258301187504726e-05,54
Li Precursor_missing,0.0,55
La Precursor_missing,0.0,56
Li_dop_missing,0.0,57
La_dop_missing,0.0,58
Zr_dop_missing,0.0,59
