bg_record_id,Li_comp,La_comp,Zr_comp,Li_site_sto,La_site_sto,Zr_site_sto,# of Dopants,%excess Li,1st Calcination Temp,1st Calcination Time,# of calcinations,Ball milling time,# of ball milling,Sintering Temperature,Sintering Time,Measurement Temperature,Li_site_elnv,Zr_site_elnv,Zr_site_irad,Zr_site_A,La_site_A,Li Precursor_Li2CO3,Li Precursor_LiNO3,Li Precursor_LiO2,Li Precursor_LiOH,Li Precursor_LiOH.H2O,Li Precursor_missing,La Precursor_La(OH)3,La Precursor_La2O3,La Precursor_missing,Li_dop_0,Li_dop_Al,Li_dop_Al/Ga,Li_dop_Fe,Li_dop_Ga,Li_dop_Zn,Li_dop_missing,La_dop_0,La_dop_Ba,La_dop_Sr,La_dop_Y,La_dop_missing,Zr_dop_0,Zr_dop_2,Zr_dop_Gd,Zr_dop_Mg,Zr_dop_Nb,Zr_dop_Nb/Gd,Zr_dop_Nb/Y,Zr_dop_Sb,Zr_dop_Sc,Zr_dop_Sm,Zr_dop_Ta,Zr_dop_Ta/Nb/Y,Zr_dop_Te,Zr_dop_Ti,Zr_dop_W,Zr_dop_Y,Zr_dop_missing,bg_source_id
91,6.7,3.0,2.0,0.1,0.0,0.0,1.0,10.0,1000.0,12.0,1.0,12.0,1.0,1100.0,12.0,25.0,1.81,0.0,0.0,0.0,0.0,0,0,0,0,1,0,0,1,0,0,0,0,0,1,0,0,1,0,0,0,0,1,0,0,0,0,0,0,0,0,0,0,0,0,0,0,0,0,31
59,6.7,2.7,2.0,0.2,0.3,0.0,2.0,10.0,900.0,12.0,1.0,12.0,2.0,1100.0,6.0,25.0,1.81,0.0,0.0,0.0,87.62,1,0,0,0,0,0,0,1,0,0,0,0,0,1,0,0,0,0,1,0,0,1,0,0,0,0,0,0,0,0,0,0,0,0,0,0,0,0,22
20,6.55,3.0,2.0,0.15,0.0,0.0,2.0,10.0,1000.0,12.0,1.0,12.0,2.0,1100.0,12.0,25.0,1.8100000000000003,0.0,0.0,0.0,0.0,0,0,0,0,1,0,0,1,0,0,0,0,0,1,0,0,1,0,0,0,0,1,0,0,0,0,0,0,0,0,0,0,0,0,0,0,0,0,8
111,6.4,3.0,1.6,0.067,0.0,0.4,2.0,25.0,950.0,6.0,1.0,5.0,1.0,1100.0,6.0,25.0,1.81,1.5000000000000002,0.64,180.948,0.0,1,0,0,0,0,0,0,1,0,0,0,0,0,1,0,0,1,0,0,0,0,0,0,0,0,0,0,0,0,0,0,1,0,0,0,0,0,0,32
136,6.35,2.9,2.0,0.25,0.1,0.0,2.0,5.0,800.0,12.0,1.0,13.904580546689509,2.0,1000.0,12.0,25.0,1.81,0.0,0.0,0.0,87.62,1,0,0,0,0,0,1,0,0,0,0,0,0,1,0,0,0,0,1,0,0,1,0,0,0,0,0,0,0,0,0,0,0,0,0,0,0,0,36
228,6.1,3.0,1.4,0.1,0.0,0.6,2.0,20.0,900.0,6.0,1.0,5.0,2.0,1180.0,10.0,25.0,1.81,1.5,0.64,180.948,0.0,1,0,0,0,0,0,0,1,0,0,0,0,0,1,0,0,1,0,0,0,0,0,0,0,0,0,0,0,0,0,0,1,0,0,0,0,0,0,55
218,6.4,3.0,2.0,0.2,0.0,0.0,1.0,2.0,850.0,12.0,1.0,12.0,2.0,1150.0,2.6,25.0,1.81,0.0,0.0,0.0,0.0,0,0,0,0,1,0,0,1,0,0,0,0,0,1,0,0,1,0,0,0,0,1,0,0,0,0,0,0,0,0,0,0,0,0,0,0,0,0,54
57,6.4,3.0,2.0,0.2,0.0,0.0,1.0,10.0,900.0,12.0,1.0,12.0,2.0,1100.0,6.0,25.0,1.81,0.0,0.0,0.0,0.0,1,0,0,0,0,0,0,1,0,0,0,0,0,1,0,0,1,0,0,0,0,1,0,0,0,0,0,0,0,0,0,0,0,0,0,0,0,0,22
151,6.4,3.0,2.0,0.2,0.0,0.0,1.0,5.0,850.0,6.0,2.0,12.0,2.0,1050.0,3.0,27.0,1.81,0.0,0.0,0.0,0.0,0,0,0,0,1,0,0,1,0,0,0,0,0,1,0,0,1,0,0,0,0,1,0,0,0,0,0,0,0,0,0,0,0,0,0,0,0,0,38
29,5.8,3.0,2.0,0.42,0.0,0.0,1.0,10.0,900.0,6.0,1.0,15.0,2.0,1100.0,24.0,25.0,1.81,0.0,0.0,0.0,0.0,1,0,0,0,0,0,0,1,0,0,0,0,0,1,0,0,1,0,0,0,0,1,0,0,0,0,0,0,0,0,0,0,0,0,0,0,0,0,11
143,6.4,2.8,2.0,0.2,0.125,0.0,2.0,10.0,1000.0,6.0,2.0,12.0,2.0,1200.0,18.0,25.0,1.81,0.0,0.0,0.0,88.906,1,0,0,0,0,0,0,1,0,0,0,0,0,1,0,0,0,0,0,1,0,1,0,0,0,0,0,0,0,0,0,0,0,0,0,0,0,0,37
144,6.4,2.75,2.0,0.2,0.25,0.0,2.0,10.0,1000.0,6.0,2.0,12.0,2.0,1200.0,18.0,25.0,1.81,0.0,0.0,0.0,88.906,1,0,0,0,0,0,0,1,0,0,0,0,0,1,0,0,0,0,0,1,0,1,0,0,0,0,0,0,0,0,0,0,0,0,0,0,0,0,37
177,6.4,3.0,2.0,0.2,0.0,0.0,1.0,10.0,900.0,6.0,1.0,12.0,1.0,1200.0,18.0,25.0,1.81,0.0,0.0,0.0,0.0,0,0,1,0,0,0,0,1,0,0,0,0,0,1,0,0,1,0,0,0,0,1,0,0,0,0,0,0,0,0,0,0,0,0,0,0,0,0,44
223,6.4,3.0,2.0,0.2,0.0,0.0,1.0,2.0,850.0,12.0,1.0,12.0,2.0,1100.0,5.3,25.0,1.81,0.0,0.0,0.0,0.0,0,0,0,0,1,0,0,1,0,0,0,0,0,1,0,0,1,0,0,0,0,1,0,0,0,0,0,0,0,0,0,0,0,0,0,0,0,0,54
209,6.52,3.0,2.0,0.16,0.0,0.0,1.0,2.0,850.0,12.0,1.0,12.0,2.0,1150.0,2.6,25.0,1.81,0.0,0.0,0.0,0.0,0,0,0,0,1,0,0,1,0,0,0,0,0,1,0,0,1,0,0,0,0,1,0,0,0,0,0,0,0,0,0,0,0,0,0,0,0,0,54
35,6.4,3.0,2.0,0.2,0.0,0.0,1.0,10.0,950.0,12.0,1.0,6.0,2.0,1200.0,10.0,25.0,1.81,0.0,0.0,0.0,0.0,0,0,0,0,1,0,0,1,0,0,0,0,0,1,0,0,1,0,0,0,0,1,0,0,0,0,0,0,0,0,0,0,0,0,0,0,0,0,16
51,6.4,3.0,2.0,0.2,0.0,0.0,1.0,10.0,850.0,4.0,1.0,0.083,12.0,1230.0,6.0,20.0,1.81,0.0,0.0,0.0,0.0,1,0,0,0,0,0,0,1,0,0,0,0,0,1,0,0,1,0,0,0,0,1,0,0,0,0,0,0,0,0,0,0,0,0,0,0,0,0,21
112,6.4,3.0,1.6,0.133,0.0,0.2,2.0,25.0,950.0,6.0,1.0,5.0,1.0,1100.0,6.0,25.0,1.81,1.5000000000000002,0.64,180.948,0.0,1,0,0,0,0,0,0,1,0,0,0,0,0,1,0,0,1,0,0,0,0,0,0,0,0,0,0,0,0,0,0,1,0,0,0,0,0,0,32
139,6.55,2.7,2.0,0.25,0.3,0.0,2.0,5.0,800.0,12.0,1.0,13.942302793879588,2.0,1000.0,12.0,25.0,1.81,0.0,0.0,0.0,87.62,1,0,0,0,0,0,1,0,0,0,0,0,0,1,0,0,0,0,1,0,0,1,0,0,0,0,0,0,0,0,0,0,0,0,0,0,0,0,36
207,6.52,3.0,2.0,0.16,0.0,0.0,1.0,2.0,850.0,12.0,1.0,12.0,2.0,1050.0,10.6,25.0,1.81,0.0,0.0,0.0,0.0,0,0,0,0,1,0,0,1,0,0,0,0,0,1,0,0,1,0,0,0,0,1,0,0,0,0,0,0,0,0,0,0,0,0,0,0,0,0,54
45,6.95,3.0,1.982,0.244,0.0,0.018,3.0,23.2,900.0,6.0,1.0,2.0,2.0,1250.0,0.66,25.0,1.669016393442623,1.5,0.64,180.948,0.0,1,0,0,0,0,0,0,1,0,0,0,1,0,0,0,0,1,0,0,0,0,0,0,0,0,0,0,0,0,0,0,1,0,0,0,0,0,0,19
103,6.4,3.0,2.0,0.2,0.0,0.0,1.0,25.0,950.0,6.0,1.0,5.0,1.0,1050.0,6.0,25.0,1.81,0.0,0.0,0.0,0.0,1,0,0,0,0,0,0,1,0,0,0,0,0,1,0,0,1,0,0,0,0,1,0,0,0,0,0,0,0,0,0,0,0,0,0,0,0,0,32
117,6.4,3.0,1.6,0.133,0.0,0.2,2.0,25.0,950.0,6.0,1.0,5.0,1.0,1100.0,12.0,25.0,1.81,1.5000000000000002,0.64,180.948,0.0,1,0,0,0,0,0,0,1,0,0,0,0,0,1,0,0,1,0,0,0,0,0,0,0,0,0,0,0,0,0,0,1,0,0,0,0,0,0,32
93,6.4,3.0,2.0,0.2,0.0,0.0,1.0,10.0,1000.0,12.0,1.0,12.0,1.0,1100.0,12.0,25.0,1.81,0.0,0.0,0.0,0.0,0,0,0,0,1,0,0,1,0,0,0,0,0,1,0,0,1,0,0,0,0,1,0,0,0,0,0,0,0,0,0,0,0,0,0,0,0,0,31
46,6.7,3.0,2.0,0.1,0.0,0.0,1.0,10.0,950.0,6.0,1.0,12.0,2.0,1200.0,15.0,25.0,1.81,0.0,0.0,0.0,0.0,1,0,0,0,0,0,0,1,0,0,0,0,0,1,0,0,1,0,0,0,0,1,0,0,0,0,0,0,0,0,0,0,0,0,0,0,0,0,20
50,6.1,3.0,2.0,0.3,0.0,0.0,1.0,10.0,950.0,6.0,1.0,12.0,2.0,1200.0,15.0,25.0,1.8100000000000003,0.0,0.0,0.0,0.0,1,0,0,0,0,0,0,1,0,0,0,0,0,1,0,0,1,0,0,0,0,1,0,0,0,0,0,0,0,0,0,0,0,0,0,0,0,0,20
212,6.4,3.0,2.0,0.2,0.0,0.0,1.0,2.0,850.0,12.0,1.0,12.0,2.0,1150.0,2.6,25.0,1.81,0.0,0.0,0.0,0.0,0,0,0,0,1,0,0,1,0,0,0,0,0,1,0,0,1,0,0,0,0,1,0,0,0,0,0,0,0,0,0,0,0,0,0,0,0,0,54
106,6.4,3.0,1.6,0.067,0.0,0.4,2.0,25.0,950.0,6.0,1.0,5.0,1.0,1050.0,12.0,25.0,1.81,1.5000000000000002,0.64,180.948,0.0,1,0,0,0,0,0,0,1,0,0,0,0,0,1,0,0,1,0,0,0,0,0,0,0,0,0,0,0,0,0,0,1,0,0,0,0,0,0,32
60,6.8,2.6,2.0,0.2,0.4,0.0,2.0,10.0,900.0,12.0,1.0,12.0,2.0,1100.0,6.0,25.0,1.81,0.0,0.0,0.0,87.62,1,0,0,0,0,0,0,1,0,0,0,0,0,1,0,0,0,0,1,0,0,1,0,0,0,0,0,0,0,0,0,0,0,0,0,0,0,0,22
56,6.5,2.9,2.0,0.2,0.1,0.0,2.0,10.0,900.0,12.0,1.0,12.0,2.0,1100.0,6.0,25.0,1.81,0.0,0.0,0.0,87.62,1,0,0,0,0,0,0,1,0,0,0,0,0,1,0,0,0,0,1,0,0,0,1,0,0,0,0,0,0,0,0,0,0,0,0,0,0,0,22
147,6.4,3.0,2.0,0.2,0.0,0.0,1.0,5.0,850.0,6.0,2.0,12.0,2.0,950.0,3.0,27.0,1.81,0.0,0.0,0.0,0.0,0,0,0,0,1,0,0,1,0,0,0,0,0,1,0,0,1,0,0,0,0,1,0,0,0,0,0,0,0,0,0,0,0,0,0,0,0,0,38
135,6.3,2.95,2.0,0.25,0.05,0.0,2.0,5.0,800.0,12.0,1.0,13.89514998489199,2.0,1000.0,12.0,25.0,1.81,0.0,0.0,0.0,87.62,1,0,0,0,0,0,1,0,0,0,0,0,0,1,0,0,0,0,1,0,0,1,0,0,0,0,0,0,0,0,0,0,0,0,0,0,0,0,36
118,6.4,3.0,2.0,0.2,0.0,0.0,1.0,25.0,950.0,6.0,1.0,5.0,1.0,1100.0,12.0,25.0,1.81,0.0,0.0,0.0,0.0,1,0,0,0,0,0,0,1,0,0,0,0,0,1,0,0,1,0,0,0,0,1,0,0,0,0,0,0,0,0,0,0,0,0,0,0,0,0,32
226,5.8,2.95,1.4,0.2,0.05,0.6,3.0,20.0,900.0,6.0,1.0,5.0,2.0,1180.0,10.0,25.0,1.81,1.5,0.64,180.948,88.906,1,0,0,0,0,0,0,1,0,0,0,0,0,1,0,0,0,0,0,1,0,0,0,0,0,0,0,0,0,0,0,1,0,0,0,0,0,0,55
107,6.4,3.0,1.6,0.133,0.0,0.2,2.0,25.0,950.0,6.0,1.0,5.0,1.0,1050.0,12.0,25.0,1.81,1.5000000000000002,0.64,180.948,0.0,1,0,0,0,0,0,0,1,0,0,0,0,0,1,0,0,1,0,0,0,0,0,0,0,0,0,0,0,0,0,0,1,0,0,0,0,0,0,32
102,6.4,3.0,1.6,0.133,0.0,0.2,2.0,25.0,950.0,6.0,1.0,5.0,1.0,1050.0,6.0,25.0,1.81,1.5000000000000002,0.64,180.948,0.0,1,0,0,0,0,0,0,1,0,0,0,0,0,1,0,0,1,0,0,0,0,0,0,0,0,0,0,0,0,0,0,1,0,0,0,0,0,0,32
219,6.52,3.0,2.0,0.16,0.0,0.0,1.0,2.0,850.0,12.0,1.0,12.0,2.0,1050.0,10.6,25.0,1.81,0.0,0.0,0.0,0.0,0,0,0,0,1,0,0,1,0,0,0,0,0,1,0,0,1,0,0,0,0,1,0,0,0,0,0,0,0,0,0,0,0,0,0,0,0,0,54
149,6.4,3.0,2.0,0.2,0.0,0.0,1.0,5.0,850.0,6.0,2.0,12.0,2.0,1000.0,3.0,27.0,1.81,0.0,0.0,0.0,0.0,0,0,0,0,1,0,0,1,0,0,0,0,0,1,0,0,1,0,0,0,0,1,0,0,0,0,0,0,0,0,0,0,0,0,0,0,0,0,38
222,6.4,3.0,2.0,0.2,0.0,0.0,1.0,2.0,850.0,12.0,1.0,12.0,2.0,1050.0,10.6,25.0,1.81,0.0,0.0,0.0,0.0,0,0,0,0,1,0,0,1,0,0,0,0,0,1,0,0,1,0,0,0,0,1,0,0,0,0,0,0,0,0,0,0,0,0,0,0,0,0,54
28,5.95,3.0,2.0,0.35,0.0,0.0,1.0,10.0,900.0,6.0,1.0,15.0,2.0,1100.0,24.0,25.0,1.81,0.0,0.0,0.0,0.0,1,0,0,0,0,0,0,1,0,0,0,0,0,1,0,0,1,0,0,0,0,1,0,0,0,0,0,0,0,0,0,0,0,0,0,0,0,0,11
92,6.55,3.0,2.0,0.15,0.0,0.0,1.0,10.0,1000.0,12.0,1.0,12.0,1.0,1100.0,12.0,25.0,1.8100000000000003,0.0,0.0,0.0,0.0,0,0,0,0,1,0,0,1,0,0,0,0,0,1,0,0,1,0,0,0,0,1,0,0,0,0,0,0,0,0,0,0,0,0,0,0,0,0,31
213,6.52,3.0,2.0,0.16,0.0,0.0,1.0,2.0,850.0,12.0,1.0,12.0,2.0,1050.0,10.6,25.0,1.81,0.0,0.0,0.0,0.0,0,0,0,0,1,0,0,1,0,0,0,0,0,1,0,0,1,0,0,0,0,1,0,0,0,0,0,0,0,0,0,0,0,0,0,0,0,0,54
217,6.4,3.0,2.0,0.2,0.0,0.0,1.0,2.0,850.0,12.0,1.0,12.0,2.0,1100.0,5.3,25.0,1.81,0.0,0.0,0.0,0.0,0,0,0,0,1,0,0,1,0,0,0,0,0,1,0,0,1,0,0,0,0,1,0,0,0,0,0,0,0,0,0,0,0,0,0,0,0,0,54
53,6.4,3.0,2.0,0.2,0.0,0.0,2.0,10.0,850.0,4.0,1.0,0.083,12.0,1230.0,6.0,20.0,1.7100000000000004,0.0,0.0,0.0,0.0,1,0,0,0,0,0,0,1,0,0,0,1,0,0,0,0,1,0,0,0,0,1,0,0,0,0,0,0,0,0,0,0,0,0,0,0,0,0,21
148,6.4,3.0,2.0,0.2,0.0,0.0,1.0,5.0,850.0,6.0,2.0,12.0,2.0,975.0,3.0,27.0,1.81,0.0,0.0,0.0,0.0,0,0,0,0,1,0,0,1,0,0,0,0,0,1,0,0,1,0,0,0,0,1,0,0,0,0,0,0,0,0,0,0,0,0,0,0,0,0,38
97,5.8,3.0,2.0,0.4,0.0,0.0,1.0,10.0,1000.0,12.0,1.0,12.0,1.0,1100.0,12.0,25.0,1.81,0.0,0.0,0.0,0.0,0,0,0,0,1,0,0,1,0,0,0,0,0,1,0,0,1,0,0,0,0,1,0,0,0,0,0,0,0,0,0,0,0,0,0,0,0,0,31
24,6.55,3.0,2.0,0.15,0.0,0.0,1.0,10.0,900.0,6.0,1.0,15.0,2.0,1100.0,24.0,25.0,1.8100000000000003,0.0,0.0,0.0,0.0,1,0,0,0,0,0,0,1,0,0,0,0,0,1,0,0,1,0,0,0,0,1,0,0,0,0,0,0,0,0,0,0,0,0,0,0,0,0,11
227,5.8,3.0,1.4,0.2,0.0,0.6,2.0,20.0,900.0,6.0,1.0,5.0,2.0,1180.0,10.0,25.0,1.81,1.5,0.64,180.948,0.0,1,0,0,0,0,0,0,1,0,0,0,0,0,1,0,0,1,0,0,0,0,0,0,0,0,0,0,0,0,0,0,1,0,0,0,0,0,0,55
54,6.4,3.0,2.0,0.2,0.0,0.0,2.0,10.0,850.0,4.0,1.0,0.083,12.0,1230.0,6.0,20.0,1.66,0.0,0.0,0.0,0.0,1,0,0,0,0,0,0,1,0,0,0,1,0,0,0,0,1,0,0,0,0,1,0,0,0,0,0,0,0,0,0,0,0,0,0,0,0,0,21
214,6.52,3.0,2.0,0.16,0.0,0.0,1.0,2.0,850.0,12.0,1.0,12.0,2.0,1100.0,5.3,25.0,1.81,0.0,0.0,0.0,0.0,0,0,0,0,1,0,0,1,0,0,0,0,0,1,0,0,1,0,0,0,0,1,0,0,0,0,0,0,0,0,0,0,0,0,0,0,0,0,54
210,6.4,3.0,2.0,0.2,0.0,0.0,1.0,2.0,850.0,12.0,1.0,12.0,2.0,1050.0,10.6,25.0,1.81,0.0,0.0,0.0,0.0,0,0,0,0,1,0,0,1,0,0,0,0,0,1,0,0,1,0,0,0,0,1,0,0,0,0,0,0,0,0,0,0,0,0,0,0,0,0,54
49,6.25,3.0,2.0,0.25,0.0,0.0,1.0,10.0,950.0,6.0,1.0,12.0,2.0,1200.0,15.0,25.0,1.81,0.0,0.0,0.0,0.0,1,0,0,0,0,0,0,1,0,0,0,0,0,1,0,0,1,0,0,0,0,1,0,0,0,0,0,0,0,0,0,0,0,0,0,0,0,0,20
108,6.4,3.0,2.0,0.2,0.0,0.0,1.0,25.0,950.0,6.0,1.0,5.0,1.0,1050.0,12.0,25.0,1.81,0.0,0.0,0.0,0.0,1,0,0,0,0,0,0,1,0,0,0,0,0,1,0,0,1,0,0,0,0,1,0,0,0,0,0,0,0,0,0,0,0,0,0,0,0,0,32
98,6.4,3.0,2.0,0.2,0.0,0.0,1.0,10.0,1000.0,12.0,1.0,12.0,1.0,1100.0,12.0,25.0,1.81,0.0,0.0,0.0,0.0,0,0,0,0,1,0,0,1,0,0,0,0,0,1,0,0,1,0,0,0,0,1,0,0,0,0,0,0,0,0,0,0,0,0,0,0,0,0,31
101,6.4,3.0,1.6,0.067,0.0,0.4,2.0,25.0,950.0,6.0,1.0,5.0,1.0,1050.0,6.0,25.0,1.81,1.5000000000000002,0.64,180.948,0.0,1,0,0,0,0,0,0,1,0,0,0,0,0,1,0,0,1,0,0,0,0,0,0,0,0,0,0,0,0,0,0,1,0,0,0,0,0,0,32
150,6.4,3.0,2.0,0.2,0.0,0.0,1.0,5.0,850.0,6.0,2.0,12.0,2.0,1025.0,3.0,27.0,1.81,0.0,0.0,0.0,0.0,0,0,0,0,1,0,0,1,0,0,0,0,0,1,0,0,1,0,0,0,0,1,0,0,0,0,0,0,0,0,0,0,0,0,0,0,0,0,38
142,6.4,3.0,2.0,0.2,0.0,0.0,1.0,10.0,1000.0,6.0,2.0,12.0,2.0,1200.0,18.0,25.0,1.81,0.0,0.0,0.0,0.0,1,0,0,0,0,0,0,1,0,0,0,0,0,1,0,0,1,0,0,0,0,1,0,0,0,0,0,0,0,0,0,0,0,0,0,0,0,0,37
138,6.45,2.8,2.0,0.25,0.2,0.0,2.0,5.0,800.0,12.0,1.0,13.92344167028455,2.0,1000.0,12.0,25.0,1.81,0.0,0.0,0.0,87.62,1,0,0,0,0,0,1,0,0,0,0,0,0,1,0,0,0,0,1,0,0,1,0,0,0,0,0,0,0,0,0,0,0,0,0,0,0,0,36
220,6.52,3.0,2.0,0.16,0.0,0.0,1.0,2.0,850.0,12.0,1.0,12.0,2.0,1100.0,5.3,25.0,1.81,0.0,0.0,0.0,0.0,0,0,0,0,1,0,0,1,0,0,0,0,0,1,0,0,1,0,0,0,0,1,0,0,0,0,0,0,0,0,0,0,0,0,0,0,0,0,54
224,6.4,3.0,2.0,0.2,0.0,0.0,1.0,2.0,850.0,12.0,1.0,12.0,2.0,1150.0,2.6,25.0,1.81,0.0,0.0,0.0,0.0,0,0,0,0,1,0,0,1,0,0,0,0,0,1,0,0,1,0,0,0,0,1,0,0,0,0,0,0,0,0,0,0,0,0,0,0,0,0,54
