params,mean_test_score,std_test_score,rank_test_score,mean_fit_time
"{""max_depth"": 3, ""min_samples_leaf"": 1}",0.6269537479909425,0.03153447336758096,12,0.0011553287506103516
"{""max_depth"": 3, ""min_samples_leaf"": 3}",0.6428336804466308,0.044663327720336335,11,0.001043987274169922
"{""max_depth"": 3, ""min_samples_leaf"": 5}",0.6548550294337522,0.06525396513073088,10,0.0010382175445556641
"{""max_depth"": 5, ""min_samples_leaf"": 1}",0.7096454926056444,0.04595828852520742,5,0.0011569499969482423
"{""max_depth"": 5, ""min_samples_leaf"": 3}",0.7049787001047505,0.03925560618978624,7,0.0011199474334716796
"{""max_depth"": 5, ""min_samples_leaf"": 5}",0.7077471185094043,0.0386676789747922,6,0.0011043071746826172
"{""max_depth"": 8, ""min_samples_leaf"": 1}",0.7439098054766257,0.07556474233247881,3,0.0012067794799804688
"{""max_depth"": 8, ""min_samples_leaf"": 3}",0.7215717859946756,0.07524918049404729,4,0.0011910438537597657
"{""max_depth"": 8, ""min_samples_leaf"": 5}",0.6992300160721212,0.07521618607697504,9,0.0011556148529052734
"{""max_depth"": null, ""min_samples_leaf"": 1}",0.7553166004797663,0.0998837408254339,1,0.001244497299194336
"{""max_depth"": null, ""min_samples_leaf"": 3}",0.744547219894258,0.08039542968625275,2,0.0011902809143066405
"{""max_depth"": null, ""min_samples_leaf"": 5}",0.6993984962406016,0.06604294886686093,8,0.0011618614196777343
