job_id,cohort,model,data_version,imputation,threshold_name,threshold,seed,method,fold,split,record_id,source_id,y_true,y_pred,p_high
full_LGBM_V_raw_A0_T_1e4_seed2,full,LGBM,V_raw,A0,T_1e4,0.0001,2,holdout,-1,val,182,46,1,1,0.8048909312710729
full_LGBM_V_raw_A0_T_1e4_seed2,full,LGBM,V_raw,A0,T_1e4,0.0001,2,holdout,-1,val,14,4,0,0,0.006726976504635999
full_LGBM_V_raw_A0_T_1e4_seed2,full,LGBM,V_raw,A0,T_1e4,0.0001,2,holdout,-1,val,228,55,1,1,0.9999958257222058
full_LGBM_V_raw_A0_T_1e4_seed2,full,LGBM,V_raw,A0,T_1e4,0.0001,2,holdout,-1,val,67,25,1,0,0.03518995651647039
full_LGBM_V_raw_A0_T_1e4_seed2,full,LGBM,V_raw,A0,T_1e4,0.0001,2,holdout,-1,val,162,40,1,1,0.9999670413163584
full_LGBM_V_raw_A0_T_1e4_seed2,full,LGBM,V_raw,A0,T_1e4,0.0001,2,holdout,-1,val,95,31,1,1,0.9997057964822754
full_LGBM_V_raw_A0_T_1e4_seed2,full,LGBM,V_raw,A0,T_1e4,0.0001,2,holdout,-1,val,128,34,1,1,0.9999609766707055
full_LGBM_V_raw_A0_T_1e4_seed2,full,LGBM,V_raw,A0,T_1e4,0.0001,2,holdout,-1,val,196,49,1,1,0.9964789236308144
full_LGBM_V_raw_A0_T_1e4_seed2,full,LGBM,V_raw,A0,T_1e4,0.0001,2,holdout,-1,val,210,54,0,1,0.9933915328114609
full_LGBM_V_raw_A0_T_1e4_seed2,full,LGBM,V_raw,A0,T_1e4,0.0001,2,holdout,-1,val,138,36,0,1,0.8003472366911308
full_LGBM_V_raw_A0_T_1e4_seed2,full,LGBM,V_raw,A0,T_1e4,0.0001,2,holdout,-1,val,61,24,1,1,0.9989247200594109
full_LGBM_V_raw_A0_T_1e4_seed2,full,LGBM,V_raw,A0,T_1e4,0.0001,2,holdout,-1,val,27,11,1,1,0.9998985289127158
full_LGBM_V_raw_A0_T_1e4_seed2,full,LGBM,V_raw,A0,T_1e4,0.0001,2,holdout,-1,val,90,31,0,0,0.008150766567530368
full_LGBM_V_raw_A0_T_1e4_seed2,full,LGBM,V_raw,A0,T_1e4,0.0001,2,holdout,-1,val,21,9,1,0,0.334452222346491
full_LGBM_V_raw_A0_T_1e4_seed2,full,LGBM,V_raw,A0,T_1e4,0.0001,2,holdout,-1,val,140,36,0,0,0.008311544219719358
full_LGBM_V_raw_A0_T_1e4_seed2,full,LGBM,V_raw,A0,T_1e4,0.0001,2,holdout,-1,val,181,45,1,1,0.9999898573801379
full_LGBM_V_raw_A0_T_1e4_seed2,full,LGBM,V_raw,A0,T_1e4,0.0001,2,holdout,-1,val,211,54,1,1,0.9996450350312249
full_LGBM_V_raw_A0_T_1e4_seed2,full,LGBM,V_raw,A0,T_1e4,0.0001,2,holdout,-1,val,142,37,1,0,0.339492587194417
full_LGBM_V_raw_A0_T_1e4_seed2,full,LGBM,V_raw,A0,T_1e4,0.0001,2,holdout,-1,val,75,27,0,1,0.7309539031842383
full_LGBM_V_raw_A0_T_1e4_seed2,full,LGBM,V_raw,A0,T_1e4,0.0001,2,holdout,-1,val,175,44,1,1,0.9958667116476281
full_LGBM_V_raw_A0_T_1e4_seed2,full,LGBM,V_raw,A0,T_1e4,0.0001,2,holdout,-1,val,35,16,1,1,0.9986452694498361
full_LGBM_V_raw_A0_T_1e4_seed2,full,LGBM,V_raw,A0,T_1e4,0.0001,2,holdout,-1,val,218,54,1,1,0.9992087872064488
full_LGBM_V_raw_A0_T_1e4_seed2,full,LGBM,V_raw,A0,T_1e4,0.0001,2,holdout,-1,val,224,54,1,1,0.9992087872064488
full_LGBM_V_raw_A0_T_1e4_seed2,full,LGBM,V_raw,A0,T_1e4,0.0001,2,holdout,-1,val,32,14,1,1,0.9659625677750481
full_LGBM_V_raw_A0_T_1e4_seed2,full,LGBM,V_raw,A0,T_1e4,0.0001,2,holdout,-1,val,149,38,1,1,0.9970760445091718
full_LGBM_V_raw_A0_T_1e4_seed2,full,LGBM,V_raw,A0,T_1e4,0.0001,2,holdout,-1,val,4,1,1,1,0.9999777882503603
full_LGBM_V_raw_A0_T_1e4_seed2,full,LGBM,V_raw,A0,T_1e4,0.0001,2,holdout,-1,val,109,32,0,0,0.0006448382649682049
full_LGBM_V_raw_A0_T_1e4_seed2,full,LGBM,V_raw,A0,T_1e4,0.0001,2,holdout,-1,val,60,22,0,1,0.9951116047948448
full_LGBM_V_raw_A0_T_1e4_seed2,full,LGBM,V_raw,A0,T_1e4,0.0001,2,holdout,-1,val,132,35,0,1,0.9225866297060665
full_LGBM_V_raw_A0_T_1e4_seed2,full,LGBM,V_raw,A0,T_1e4,0.0001,2,holdout,-1,val,201,50,0,0,0.018281952169816724
full_LGBM_V_raw_A0_T_1e4_seed2,full,LGBM,V_raw,A0,T_1e4,0.0001,2,holdout,-1,val,223,54,1,1,0.9996450350312249
full_LGBM_V_raw_A0_T_1e4_seed2,full,LGBM,V_raw,A0,T_1e4,0.0001,2,holdout,-1,val,121,33,1,0,0.08147297545418242
full_LGBM_V_raw_A0_T_1e4_seed2,full,LGBM,V_raw,A0,T_1e4,0.0001,2,holdout,-1,val,135,36,1,1,0.9740811120184868
full_LGBM_V_raw_A0_T_1e4_seed2,full,LGBM,V_raw,A0,T_1e4,0.0001,2,holdout,-1,test,111,32,1,1,0.9830068918577728
full_LGBM_V_raw_A0_T_1e4_seed2,full,LGBM,V_raw,A0,T_1e4,0.0001,2,holdout,-1,test,204,51,1,1,0.9995515464256404
full_LGBM_V_raw_A0_T_1e4_seed2,full,LGBM,V_raw,A0,T_1e4,0.0001,2,holdout,-1,test,227,55,1,1,0.9996500763008963
full_LGBM_V_raw_A0_T_1e4_seed2,full,LGBM,V_raw,A0,T_1e4,0.0001,2,holdout,-1,test,70,25,0,0,0.003016001836233899
full_LGBM_V_raw_A0_T_1e4_seed2,full,LGBM,V_raw,A0,T_1e4,0.0001,2,holdout,-1,test,209,54,1,0,0.49885832969634325
full_LGBM_V_raw_A0_T_1e4_seed2,full,LGBM,V_raw,A0,T_1e4,0.0001,2,holdout,-1,test,120,33,1,0,0.24114148793578782
full_LGBM_V_raw_A0_T_1e4_seed2,full,LGBM,V_raw,A0,T_1e4,0.0001,2,holdout,-1,test,107,32,1,1,0.987322678982155
full_LGBM_V_raw_A0_T_1e4_seed2,full,LGBM,V_raw,A0,T_1e4,0.0001,2,holdout,-1,test,24,11,0,1,0.6725360662217043
full_LGBM_V_raw_A0_T_1e4_seed2,full,LGBM,V_raw,A0,T_1e4,0.0001,2,holdout,-1,test,92,31,1,0,0.48506831258167193
full_LGBM_V_raw_A0_T_1e4_seed2,full,LGBM,V_raw,A0,T_1e4,0.0001,2,holdout,-1,test,76,27,0,1,0.7249284129683946
full_LGBM_V_raw_A0_T_1e4_seed2,full,LGBM,V_raw,A0,T_1e4,0.0001,2,holdout,-1,test,133,35,0,1,0.9306111765511944
full_LGBM_V_raw_A0_T_1e4_seed2,full,LGBM,V_raw,A0,T_1e4,0.0001,2,holdout,-1,test,31,13,1,1,0.9994124225079167
full_LGBM_V_raw_A0_T_1e4_seed2,full,LGBM,V_raw,A0,T_1e4,0.0001,2,holdout,-1,test,39,18,1,1,0.9999803190535428
full_LGBM_V_raw_A0_T_1e4_seed2,full,LGBM,V_raw,A0,T_1e4,0.0001,2,holdout,-1,test,52,21,1,1,0.9999565284756267
full_LGBM_V_raw_A0_T_1e4_seed2,full,LGBM,V_raw,A0,T_1e4,0.0001,2,holdout,-1,test,23,11,0,0,0.05972352202145846
full_LGBM_V_raw_A0_T_1e4_seed2,full,LGBM,V_raw,A0,T_1e4,0.0001,2,holdout,-1,test,49,20,1,0,0.0055708773608359186
full_LGBM_V_raw_A0_T_1e4_seed2,full,LGBM,V_raw,A0,T_1e4,0.0001,2,holdout,-1,test,62,24,1,1,0.9984960779634054
full_LGBM_V_raw_A0_T_1e4_seed2,full,LGBM,V_raw,A0,T_1e4,0.0001,2,holdout,-1,test,184,47,1,1,0.8872458015210204
full_LGBM_V_raw_A0_T_1e4_seed2,full,LGBM,V_raw,A0,T_1e4,0.0001,2,holdout,-1,test,131,35,0,0,0.009003031910557645
full_LGBM_V_raw_A0_T_1e4_seed2,full,LGBM,V_raw,A0,T_1e4,0.0001,2,holdout,-1,test,126,34,1,1,0.9999732549339287
full_LGBM_V_raw_A0_T_1e4_seed2,full,LGBM,V_raw,A0,T_1e4,0.0001,2,holdout,-1,test,137,36,1,1,0.8003472366911308
full_LGBM_V_raw_A0_T_1e4_seed2,full,LGBM,V_raw,A0,T_1e4,0.0001,2,holdout,-1,test,150,38,1,1,0.9970760445091718
full_LGBM_V_raw_A0_T_1e4_seed2,full,LGBM,V_raw,A0,T_1e4,0.0001,2,holdout,-1,test,205,51,1,1,0.9995645967602259
full_LGBM_V_raw_A0_T_1e4_seed2,full,LGBM,V_raw,A0,T_1e4,0.0001,2,holdout,-1,test,58,22,1,1,0.9986594600287348
full_LGBM_V_raw_A0_T_1e4_seed2,full,LGBM,V_raw,A0,T_1e4,0.0001,2,holdout,-1,test,93,31,1,1,0.9996410960396651
full_LGBM_V_raw_A0_T_1e4_seed2,full,LGBM,V_raw,A0,T_1e4,0.0001,2,holdout,-1,test,47,20,0,0,0.0010238176933119287
full_LGBM_V_raw_A0_T_1e4_seed2,full,LGBM,V_raw,A0,T_1e4,0.0001,2,holdout,-1,test,195,49,1,1,0.7480621195861247
full_LGBM_V_raw_A0_T_1e4_seed2,full,LGBM,V_raw,A0,T_1e4,0.0001,2,holdout,-1,test,222,54,0,1,0.9933915328114609
full_LGBM_V_raw_A0_T_1e4_seed2,full,LGBM,V_raw,A0,T_1e4,0.0001,2,holdout,-1,test,151,38,1,1,0.9970760445091718
full_LGBM_V_raw_A0_T_1e4_seed2,full,LGBM,V_raw,A0,T_1e4,0.0001,2,holdout,-1,test,136,36,1,1,0.9740811120184868
full_LGBM_V_raw_A0_T_1e4_seed2,full,LGBM,V_raw,A0,T_1e4,0.0001,2,holdout,-1,test,85,30,1,1,0.7668353187077135
full_LGBM_V_raw_A0_T_1e4_seed2,full,LGBM,V_raw,A0,T_1e4,0.0001,2,holdout,-1,test,66,25,0,1,0.9353964400988609
full_LGBM_V_raw_A0_T_1e4_seed2,full,LGBM,V_raw,A0,T_1e4,0.0001,2,holdout,-1,test,123,34,0,1,0.8698187077902413
